Unnamed: 0	context	sanity_check	sanity_check_key	utterance	binary_q	utterance_hen	utterance_bijiao	utterance_bijiao_neg_pos	utterance_hen_neg_comp	true_how	code
0	张涛在比较三座城市的气温。他认为25度算是热的城市。北京30度。上海28度。广州35度。	哪个城市最热？	广州	广州热。	广州热吗？	广州很热。	广州比北京、上海热。	广州不热。但是，广州比北京、上海热。	广州很热。但是，广州不比北京、上海热。	necessarily	pos-t-comp-t
1	陈芳在比较三本书的页数。她觉得200页算是厚的书。A书150页。B书300页。C书180页。	哪本书最厚？	B书	B书厚。	B书厚吗？	B书很厚。	B书比A书、C书厚。	B书不厚。但是，B书比A书、C书厚。	B书很厚。但是，B书不比A书、C书厚。	necessarily	pos-t-comp-t
2	吴磊在比较三款手机的电池容量。他觉得4000毫安算是大容量的手机。X型号3800毫安。Y型号4500毫安。Z型号5000毫安。	哪款手机电池容量最大？	Z型号	Z型号大。	Z型号大吗？	Z型号很大。	Z型号比X型号、Y型号大。	Z型号不大。但是，Z型号比X型号、Y型号大。	Z型号很大。但是，Z型号不比X型号、Y型号大。	necessarily	pos-t-comp-t
3	陈芳在比较三座山峰的海拔。她觉得3000米算是高的山峰。泰山1545米。华山2154米。贡嘎山7556米。	哪座山峰最高？	贡嘎山	贡嘎山高。	贡嘎山高吗？	贡嘎山很高。	贡嘎山比泰山、华山高。	贡嘎山不高。但是，贡嘎山比泰山、华山高。	贡嘎山很高。但是，贡嘎山不比泰山、华山高。	necessarily	pos-t-comp-t
4	刘强在比较三款手机的续航时间。他认为12小时算是持久的机型。X型号8小时。Y型号18小时。Z型号15小时。	哪款手机续航时间最长？	Y型号	Y型号久。	Y型号久吗？	Y型号很久。	Y型号比X型号、Y型号久。	Y型号不久。但是，Y型号比X型号、Y型号久。	Y型号很久。但是，Y型号不比X型号、Y型号久。	necessarily	pos-t-comp-t
5	周婷在比较三家餐厅的评分。她觉得4分算是优质的餐厅。A店3.8分。B店4.5分。C店4.2分。	哪家餐厅评分最高？	B店	B店优。	B店优吗？	B店很优。	B店比A店、C店优。	B店不优。但是，B店比A店、C店优。	B店很优。但是，B店不比A店、C店优。	necessarily	pos-t-comp-t
6	刘芳在比较三座城市的气温。她认为25度算是热的天气。甲市30度。乙市18度。丙市22度。	哪个城市最热？	甲市	甲市热。	甲市热吗？	甲市很热。	甲市比乙市、丙市热。	甲市不热。但是，甲市比乙市、丙市热。	甲市很热。但是，甲市不比乙市、丙市热。	necessarily	pos-t-comp-t
7	陈涛在比较三只狗的年龄。他认为5岁算是老的狗。小黑3岁。小白7岁。小黄6岁。	哪只狗年龄最大？	小白	小白老。	小白老吗？	小白很老。	小白比小黑、小黄老。	小白不老。但是，小白比小黑、小黄老。	小白很老。但是，小白不比小黑、小黄老。	necessarily	pos-t-comp-t
8	张丽在比较三本书的页数。她觉得300页算是薄的书。A书200页。B书450页。C书350页。	哪本书页数最多？	B书	A书薄。	A书薄吗？	A书很薄。	A书比B书、C书薄。	A书不薄。但是，A书比B书、C书薄。	A书很薄。但是，A书不比B书、C书薄。	necessarily	pos-t-comp-t
9	张涛在比较三个学生的年龄。他认为10岁算是小的学生。王林8岁。陈芳12岁。刘洋9岁。	哪个学生年龄最小？	王林	王林小。	王林小吗？	王林很小。	王林比陈芳、刘洋小。	王林不小。但是，王林比陈芳、刘洋小。	王林很小。但是，王林不比陈芳、刘洋小。	necessarily	pos-t-comp-t
10	周敏在比较三个城市的温度。她觉得28度算是凉快的天气。广州35度。昆明20度。哈尔滨15度。	哪个城市温度最低？	哈尔滨	哈尔滨凉快。	哈尔滨凉快吗？	哈尔滨凉很快。	哈尔滨凉比广州、昆明快。	哈尔滨凉不快。但是，哈尔滨凉比广州、昆明快。	哈尔滨凉很快。但是，哈尔滨凉不比广州、昆明快。	necessarily	pos-t-comp-t
11	吴婷在比较三本书的页数。她认为200页算是厚的书。小说300页。诗集150页。散文250页。	哪本书页数最多？	小说	小说厚。	小说厚吗？	小说很厚。	小说比诗集、散文厚。	小说不厚。但是，小说比诗集、散文厚。	小说很厚。但是，小说不比诗集、散文厚。	necessarily	pos-t-comp-t
12	张华在比较三个城市的温度。他认为25度算是凉爽的城市。广州30度。北京20度。上海28度。	哪个城市最凉爽？	北京	北京凉爽。	北京凉爽吗？	北京很凉爽。	北京比广州、上海凉爽。	北京不凉爽。但是，北京比广州、上海凉爽。	北京很凉爽。但是，北京不比广州、上海凉爽。	necessarily	pos-t-comp-t
13	陈磊在比较三本书的页数。他觉得300页算是厚的书。A书250页。B书400页。C书350页。	哪本书最厚？	B书	B书厚。	B书厚吗？	B书很厚。	B书比A书、C书厚。	B书不厚。但是，B书比A书、C书厚。	B书很厚。但是，B书不比A书、C书厚。	necessarily	pos-t-comp-t
14	刘芳在比较三个学生的年龄。她觉得15岁算是大的学生。张涛18岁。李娜14岁。王强16岁。	哪个学生年龄最大？	张涛	张涛大。	张涛大吗？	张涛很大。	张涛比李娜、王强大。	张涛不大。但是，张涛比李娜、王强大。	张涛很大。但是，张涛不比李娜、王强大。	necessarily	pos-t-comp-t
15	杨阳在比较三个手机的电量。他认为80%算是高的电量。华为50%。苹果90%。小米75%。	哪个手机电量最高？	苹果	苹果高。	苹果高吗？	苹果很高。	苹果比华为、小米高。	苹果不高。但是，苹果比华为、小米高。	苹果很高。但是，苹果不比华为、小米高。	necessarily	pos-t-comp-t
16	陈静在比较三个房间的面积。她觉得20平米算是大的房间。A房15平米。B房25平米。C房30平米。	哪个房间面积最大？	C房	C房大。	C房大吗？	C房很大。	C房比A房、B房大。	C房不大。但是，C房比A房、B房大。	C房很大。但是，C房不比A房、B房大。	necessarily	pos-t-comp-t
17	黄伟在比较三个河流的长度。他认为5000公里算是长的河流。长江6300公里。黄河5464公里。淮河1000公里。	哪条河流最长？	长江	长江长。	长江长吗？	长江很长。	长江比黄河、淮河长。	长江不长。但是，长江比黄河、淮河长。	长江很长。但是，长江不比黄河、淮河长。	necessarily	pos-t-comp-t
18	周敏在比较三个电影的时长。她觉得2小时算是长的电影。X片1.5小时。Y片2.5小时。Z片3小时。	哪个电影时长最长？	Z片	Z片长。	Z片长吗？	Z片很长。	Z片比X片、Y片长。	Z片不长。但是，Z片比X片、Y片长。	Z片很长。但是，Z片不比X片、Y片长。	necessarily	pos-t-comp-t
19	吴磊在比较三个动物的速度。他认为每小时50公里算是快的动物。猎豹120公里。乌龟3公里。兔子60公里。	哪个动物速度最快？	猎豹	猎豹快。	猎豹快吗？	猎豹很快。	猎豹比乌龟、兔子快。	猎豹不快。但是，猎豹比乌龟、兔子快。	猎豹很快。但是，猎豹不比乌龟、兔子快。	necessarily	pos-t-comp-t
20	小张在比较三个城市的温度。他认为25度算是热的城市。南京30度。北京20度。广州35度。	哪个城市最热？	广州	广州热。	广州热吗？	广州很热。	广州比南京、北京热。	广州不热。但是，广州比南京、北京热。	广州很热。但是，广州不比南京、北京热。	necessarily	pos-t-comp-t
21	陈芳在比较三个手机的电池容量。她觉得4000毫安算是大的电池。A手机3500毫安。B手机4500毫安。C手机5000毫安。	哪个手机电池容量最大？	C手机	C手机大。	C手机大吗？	C手机很大。	C手机比A手机、B手机大。	C手机不大。但是，C手机比A手机、B手机大。	C手机很大。但是，C手机不比A手机、B手机大。	necessarily	pos-t-comp-t
22	老刘在比较三个房间的面积。他认为20平米算是小的房间。客厅15平米。卧室25平米。厨房12平米。	哪个房间面积最小？	厨房	厨房小。	厨房小吗？	厨房很小。	厨房比客厅、卧室小。	厨房不小。但是，厨房比客厅、卧室小。	厨房很小。但是，厨房不比客厅、卧室小。	necessarily	pos-t-comp-t
23	周涛在比较三个书包的重量。他觉得1公斤算是重的书包。蓝书包0.8公斤。红书包1.5公斤。黑书包1.2公斤。	哪个书包最重？	红书包	红书包重。	红书包重吗？	红书包很重。	红书包比蓝色包、黑色包重。	红书包不重。但是，红书包比蓝色包、黑色包重。	红书包很重。但是，红书包不比蓝色包、黑色包重。	necessarily	pos-t-comp-t
24	吴敏在比较三个水杯的容量。她觉得500毫升算是大的杯子。玻璃杯600毫升。塑料杯300毫升。陶瓷杯450毫升。	哪个杯子容量最大？	玻璃杯	玻璃杯大。	玻璃杯大吗？	玻璃杯很大。	玻璃杯比塑料杯、陶瓷杯大。	玻璃杯不大。但是，玻璃杯比塑料杯、陶瓷杯大。	玻璃杯很大。但是，玻璃杯不比塑料杯、陶瓷杯大。	necessarily	pos-t-comp-t
25	赵强在比较三个学生的年龄。他认为12岁算是小的学生。小林14岁。小美10岁。小刚13岁。	哪个学生年龄最小？	小美	小美小。	小美小吗？	小美很小。	小美比小刚、小林小。	小美不小。但是，小美比小刚、小林小。	小美很小。但是，小美不比小刚、小林小。	necessarily	pos-t-comp-t
26	孙丽在比较三个水果的甜度。她觉得8度算是甜的水果。苹果6度。香蕉9度。橙子7度。	哪个水果最甜？	香蕉	香蕉甜。	香蕉甜吗？	香蕉很甜。	香蕉比苹果、橙子甜。	香蕉不甜。但是，香蕉比苹果、橙子甜。	香蕉很甜。但是，香蕉不比苹果、橙子甜。	necessarily	pos-t-comp-t
27	钱浩在比较三个河流的长度。他认为100公里算是短的河流。长江200公里。黄河80公里。珠江150公里。	哪条河流最短？	黄河	黄河短。	黄河短吗？	黄河很短。	黄河比长江、珠江短。	黄河不短。但是，黄河比长江、珠江短。	黄河很短。但是，黄河不比长江、珠江短。	necessarily	pos-t-comp-t
28	周婷在比较三个电影的评分。她觉得7分算是低的电影。A电影8.5分。B电影6.3分。C电影9.1分。	哪个电影评分最高？	C电影	B电影低。	B电影低吗？	B电影很低。	B电影比A电影、C电影低。	B电影不低。但是，B电影比A电影、C电影低。	B电影很低。但是，B电影不比A电影、C电影低。	necessarily	pos-t-comp-t
29	郑伟在比较三个灯泡的亮度。他认为100流明算是暗的灯泡。白灯120流明。黄灯90流明。蓝灯150流明。	哪个灯泡最亮？	蓝灯	黄灯暗。	黄灯暗吗？	黄灯很暗。	黄灯比白灯、蓝灯暗。	黄灯不暗。但是，黄灯比白灯、蓝灯暗。	黄灯很暗。但是，黄灯不比白灯、蓝灯暗。	necessarily	pos-t-comp-t
30	老陈在比较三个工厂的产量。他觉得500吨算是低的月产量。甲厂600吨。乙厂450吨。丙厂800吨。	哪个工厂产量最高？	丙厂	乙厂月产量低。	乙厂月产量低吗？	乙厂月产量很低。	乙厂月产量比甲厂月产量、丙厂月产量低。	乙厂月产量不低。但是，乙厂月产量比甲厂月产量、丙厂月产量低。	乙厂月产量很低。但是，乙厂月产量不比甲厂月产量、丙厂月产量低。	necessarily	pos-t-comp-t
31	小何在比较三个软件的下载量。她觉得10万次算是少的下载量。X软件15万次。Y软件8万次。Z软件12万次。	哪个软件下载量最多？	X软件	Y软件下载量少。	Y软件下载量少吗？	Y软件下载量很少。	Y软件下载量比X软件、Z软件少。	Y软件下载量不少。但是，Y软件下载量比X软件、Z软件少。	Y软件下载量很少。但是，Y软件下载量不比X软件、Z软件少。	necessarily	pos-t-comp-t
32	张姨在比较三个蛋糕的糖分。她觉得50克算是低糖的蛋糕。巧克力蛋糕70克。草莓蛋糕45克。奶油蛋糕60克。	哪个蛋糕糖分最高？	巧克力蛋糕	草莓蛋糕低。	草莓蛋糕低吗？	草莓蛋糕很低。	草莓蛋糕比巧克力蛋糕、奶油蛋糕低。	草莓蛋糕不低。但是，草莓蛋糕比巧克力蛋糕、奶油蛋糕低。	草莓蛋糕很低。但是，草莓蛋糕不比巧克力蛋糕、奶油蛋糕低。	necessarily	pos-t-comp-t
33	王叔在比较三个鱼塘的深度。他认为2米算是浅的鱼塘。一号塘1.8米。二号塘3米。三号塘2.5米。	哪个鱼塘最浅？	一号塘	一号塘浅。	一号塘浅吗？	一号塘很浅。	一号塘比二号塘、三号塘浅。	一号塘不浅。但是，一号塘比二号塘、三号塘浅。	一号塘很浅。但是，一号塘不比二号塘、三号塘浅。	necessarily	pos-t-comp-t
34	小林在比较三个快递的速度。她觉得3天算是慢的快递。顺丰2天。圆通4天。中通3天。	哪个快递最慢？	圆通	圆通慢。	圆通慢吗？	圆通很慢。	圆通比顺丰、中通慢。	圆通不慢。但是，圆通比顺丰、中通慢。	圆通很慢。但是，圆通不比顺丰、中通慢。	necessarily	pos-t-comp-t
35	张涛在比较三只狗的年龄。他认为3岁算是年轻的狗。小黑5岁。小白2岁。小花4岁。	哪只狗年龄最小？	小白	小白年轻。	小白年轻吗？	小白很年轻。	小白比小黑、小花年轻。	小白不年轻。但是，小白比小黑、小花年轻。	小白很年轻。但是，小白不比小黑、小花年轻。	necessarily	pos-t-comp-t
36	陈芳在比较三本书的厚度。她觉得200页算是薄的书。A书150页。B书300页。C书250页。	哪本书最厚？	B书	A书薄。	A书薄吗？	A书很薄。	A书比B书、C书薄。	A书不薄。但是，A书比B书、C书薄。	A书很薄。但是，A书不比B书、C书薄。	necessarily	pos-t-comp-t
37	刘强在比较三座山的海拔。他认为1000米算是高的山。泰山1545米。黄山1864米。庐山1474米。	哪座山最高？	黄山	黄山高。	黄山高吗？	黄山很高。	黄山比泰山、庐山高。	黄山不高。但是，黄山比泰山、庐山高。	黄山很高。但是，黄山不比泰山、庐山高。	necessarily	pos-t-comp-t
38	周敏在比较三杯水的温度。她觉得30度算是烫的水。甲杯45度。乙杯25度。丙杯50度。	哪杯水温度最高？	丙杯	丙杯烫。	丙杯烫吗？	丙杯很烫。	丙杯比甲杯、乙杯烫。	丙杯不烫。但是，丙杯比甲杯、乙杯烫。	丙杯很烫。但是，丙杯不比甲杯、乙杯烫。	necessarily	pos-t-comp-t
39	吴浩在比较三支笔的长度。他认为12厘米算是长的笔。蓝笔15厘米。红笔10厘米。黑笔18厘米。	哪支笔最长？	黑笔	黑笔长。	黑笔长吗？	黑笔很长。	黑笔比蓝笔、红笔长。	黑笔不长。但是，黑笔比蓝笔、红笔长。	黑笔很长。但是，黑笔不比蓝笔、红笔长。	necessarily	pos-t-comp-t
40	林琳在比较三间房的面积。她觉得20平米算是大的房间。101号25平米。102号18平米。103号30平米。	哪个房间面积最大？	103号	103号大。	103号大吗？	103号很大。	103号比101号、102号大。	103号不大。但是，103号比101号、102号大。	103号很大。但是，103号不比101号、102号大。	necessarily	pos-t-comp-t
41	赵刚在比较三条鱼的重量。他认为1公斤算是重的鱼。青鱼0.8公斤。鲤鱼1.5公斤。草鱼1.2公斤。	哪条鱼最重？	鲤鱼	鲤鱼重。	鲤鱼重吗？	鲤鱼很重。	鲤鱼比青鱼、草鱼重。	鲤鱼不重。但是，鲤鱼比青鱼、草鱼重。	鲤鱼很重。但是，鲤鱼不比青鱼、草鱼重。	necessarily	pos-t-comp-t
42	孙丽在比较三双鞋的价格。她觉得500元算是贵的鞋。运动鞋800元。皮鞋450元。凉鞋600元。	哪双鞋最贵？	运动鞋	运动鞋贵。	运动鞋贵吗？	运动鞋很贵。	运动鞋比皮鞋、凉鞋贵。	运动鞋不贵。但是，运动鞋比皮鞋、凉鞋贵。	运动鞋很贵。但是，运动鞋不比皮鞋、凉鞋贵。	necessarily	pos-t-comp-t
43	王芳在比较三棵树的树龄。她觉得10年算是老的树。松树25年。杨树8年。柳树15年。	哪棵树树龄最大？	松树	松树老。	松树老吗？	松树很老。	松树比杨树、柳树老。	松树不老。但是，松树比杨树、柳树老。	松树很老。但是，松树不比杨树、柳树老。	necessarily	pos-t-comp-t
44	陈明在比较三台手机的电量。他认为80%算是高电量。A手机95%。B手机75%。C手机60%。	哪台手机电量最高？	A手机	A手机电量高。	A手机电量高吗？	A手机电量很高。	A手机电量比B手机、C手机高。	A手机电量不高。但是，A手机电量比B手机、C手机高。	A手机电量很高。但是，A手机电量不比B手机、C手机高。	necessarily	pos-t-comp-t
45	李娜在比较三件衣服的尺寸。她觉得M码算是大的衣服。外套L码。T恤S码。裙子XL码。	哪件衣服尺码最大？	裙子	裙子大。	裙子大吗？	裙子很大。	裙子比外套、T恤大。	裙子不大。但是，裙子比外套、T恤大。	裙子很大。但是，裙子不比外套、T恤大。	necessarily	pos-t-comp-t
46	周杰在比较三场电影的时长。他认为90分钟算是长的电影。动作片120分钟。爱情片85分钟。科幻片150分钟。	哪场电影时长最长？	科幻片	科幻片长。	科幻片长吗？	科幻片很长。	科幻片比动作片、爱情片长。	科幻片不长。但是，科幻片比动作片、爱情片长。	科幻片很长。但是，科幻片不比动作片、爱情片长。	necessarily	pos-t-comp-t
47	吴婷在比较三碗面的分量。她觉得300克算是多的面。牛肉面350克。素面280克。海鲜面400克。	哪碗面分量最多？	海鲜面	海鲜面多。	海鲜面多吗？	海鲜面很多。	海鲜面比牛肉面、素面多。	海鲜面不多。但是，海鲜面比牛肉面、素面多。	海鲜面很多。但是，海鲜面不比牛肉面、素面多。	necessarily	pos-t-comp-t
48	郑伟在比较三把椅子的承重。他认为100公斤算是强的承重。木椅120公斤。塑料椅90公斤。铁椅150公斤。	哪把椅子承重最大？	铁椅	铁椅强。	铁椅强吗？	铁椅很强。	铁椅比木椅、塑料椅强。	铁椅不强。但是，铁椅比木椅、塑料椅强。	铁椅很强。但是，铁椅不比木椅、塑料椅强。	necessarily	pos-t-comp-t
49	徐静在比较三瓶饮料的甜度。她觉得5%糖分算是高糖的。橙汁7%。绿茶3%。可乐10%。	哪瓶饮料最甜？	可乐	可乐甜。	可乐甜吗？	可乐很甜。	可乐比橙汁、绿茶甜。	可乐不甜。但是，可乐比橙汁、绿茶甜。	可乐很甜。但是，可乐不比橙汁、绿茶甜。	necessarily	pos-t-comp-t
50	黄磊在比较三台电脑的速度。他认为4秒开机算是快的电脑。A电脑3秒。B电脑5秒。C电脑6秒。	哪台电脑开机速度最快？	A电脑	A电脑快。	A电脑快吗？	A电脑很快。	A电脑比B电脑、C电脑快。	A电脑不快。但是，A电脑比B电脑、C电脑快。	A电脑很快。但是，A电脑不比B电脑、C电脑快。	necessarily	pos-t-comp-t
51	何娟在比较三盆植物的高度。她觉得50厘米算是高的植物。绿萝60厘米。多肉30厘米。龟背竹80厘米。	哪盆植物最高？	龟背竹	龟背竹高。	龟背竹高吗？	龟背竹很高。	龟背竹比绿萝、多肉高。	龟背竹不高。但是，龟背竹比绿萝、多肉高。	龟背竹很高。但是，龟背竹不比绿萝、多肉高。	necessarily	pos-t-comp-t
52	马超在比较三支球队的积分。他认为20分算是多的积分。甲队25分。乙队18分。丙队30分。	哪支球队积分最高？	丙队	丙队多。	丙队多吗？	丙队很多。	丙队比甲队、乙队多。	丙队不多。但是，丙队比甲队、乙队多。	丙队很多。但是，丙队不比甲队、乙队多。	necessarily	pos-t-comp-t
53	朱琳在比较三款相机的像素。她觉得2000万算是高的像素。X相机2400万。Y相机1800万。Z相机3000万。	哪款相机像素最高？	Z相机	Z相机高。	Z相机高吗？	Z相机很高。	Z相机比X相机、Y相机高。	Z相机不高。但是，Z相机比X相机、Y相机高。	Z相机很高。但是，Z相机不比X相机、Y相机高。	necessarily	pos-t-comp-t
54	郭强在比较三条河流的长度。他认为500公里算是长的河。长江6300公里。黄河5464公里。淮河1000公里。	哪条河流最长？	长江	长江长。	长江长吗？	长江很长。	长江比黄河、淮河长。	长江不长。但是，长江比黄河、淮河长。	长江很长。但是，长江不比黄河、淮河长。	necessarily	pos-t-comp-t
55	唐敏在比较三款口红的颜色深度。她觉得3度算是深的颜色。1号色2度。2号色4度。3号色1度。	哪款口红颜色最深？	2号色	2号色深。	2号色深吗？	2号色很深。	2号色比1号色、3号色深。	2号色不深。但是，2号色比1号色、3号色深。	2号色很深。但是，2号色不比1号色、3号色深。	necessarily	pos-t-comp-t
56	宋杰在比较三辆自行车的速度。他认为20km/h算是快的车。A车25km/h。B车18km/h。C车30km/h。	哪辆自行车速度最快？	C车	C车快。	C车快吗？	C车很快。	C车比A车、B车快。	C车不快。但是，C车比A车、B车快。	C车很快。但是，C车不比A车、B车快。	necessarily	pos-t-comp-t
57	韩雪在比较三间图书馆的藏书量。她觉得10万册算是多的。东馆15万册。南馆8万册。西馆20万册。	哪间图书馆藏书量最多？	西馆	西馆多。	西馆多吗？	西馆很多。	西馆比东馆、南馆多。	西馆不多。但是，西馆比东馆、南馆多。	西馆很多。但是，西馆不比东馆、南馆多。	necessarily	pos-t-comp-t
58	董浩在比较三款灯泡的亮度。他认为100瓦算是亮的灯泡。白灯120瓦。黄灯90瓦。LED灯150瓦。	哪个灯泡最亮？	LED灯	LED灯亮。	LED灯亮吗？	LED灯很亮。	LED灯比黄灯、白灯亮。	LED灯不亮。但是，LED灯比黄灯、白灯亮。	LED灯很亮。但是，LED灯不比黄灯、白灯亮。	necessarily	pos-t-comp-t
59	许晴在比较三块手表的精度。她觉得每日±5秒算是高精度。A表±3秒。B表±6秒。C表±2秒。	哪块手表精度最高？	C表	C表准。	C表准吗？	C表很准。	C表比A表、B表准。	C表不准。但是，C表比A表、B表准。	C表很准。但是，C表不比A表、B表准。	necessarily	pos-t-comp-t
60	吕伟在比较三把伞的直径。他认为90厘米算是大的伞。黑伞100厘米。蓝伞85厘米。红伞110厘米。	哪把伞最大？	红伞	红伞大。	红伞大吗？	红伞很大。	红伞比蓝伞、黑伞大。	红伞不大。但是，红伞比蓝伞、黑伞大。	红伞很大。但是，红伞不比蓝伞、黑伞大。	necessarily	pos-t-comp-t
61	丁兰在比较三款洗发水的容量。她觉得400毫升算是多的。柔顺款350毫升。去屑款450毫升。修复款500毫升。	哪款洗发水容量最多？	修复款	修复款多。	修复款多吗？	修复款很多。	修复款比柔顺款、去屑款多。	修复款不多。但是，修复款比柔顺款、去屑款多。	修复款很多。但是，修复款不比柔顺款、去屑款多。	necessarily	pos-t-comp-t
62	陆峰在比较三栋楼的层数。他认为15层算是高的楼。A栋20层。B栋12层。C栋25层。	哪栋楼层数最多？	C栋	C栋高。	C栋高吗？	C栋很高。	C栋比A栋、B栋高。	C栋不高。但是，C栋比A栋、B栋高。	C栋很高。但是，C栋不比A栋、B栋高。	necessarily	pos-t-comp-t
63	姜华在比较三台空调的耗电量。她觉得1度/小时算是省电的。节能型0.8度。标准型1.2度。强力型1.5度。	哪台空调最省电？	节能型	节能型省电。	节能型省电吗？	节能型省很电。	节能型比标准型、强力型省电。	节能型省不电。但是，节能型比标准型、强力型省电。	节能型省很电。但是，节能型不比标准型、强力型省电。	necessarily	pos-t-comp-t
64	谢娜在比较三款背包的容量。他认为30升算是大的背包。登山包40升。日常包25升。旅行包50升。	哪个背包容量最大？	旅行包	旅行包大。	旅行包大吗？	旅行包很大。	旅行包比登山包、日常包大。	旅行包不大。但是，旅行包比登山包、日常包大。	旅行包很大。但是，旅行包不比登山包、日常包大。	necessarily	pos-t-comp-t
65	张涛在比较三本书的页数。他认为300页算是大的书。A书400页。B书250页。C书350页。	哪本书页数最多？	A书	A书大。	A书大吗？	A书很大。	A书比B书、C书大。	A书不大。但是，A书比B书、C书大。	A书很大。但是，A书不比B书、C书大。	necessarily	pos-t-comp-t
66	张伟在比较三只狗的速度。他认为每小时30公里算是快的狗。阿黄25公里。小黑35公里。小白20公里。	哪只狗速度最快？	小黑	小黑快。	小黑快吗？	小黑很快。	小黑比阿黄、小白快。	小黑不快。但是，小黑比阿黄、小白快。	小黑很快。但是，小黑不比阿黄、小白快。	necessarily	pos-t-comp-t
67	刘芳在比较三本书的页数。她觉得300页算是长的书。A书250页。B书400页。C书180页。	哪本书页数最多？	B书	B书长。	B书长吗？	B书很长。	B书比A书、C书长。	B书不长。但是，B书比A书、C书长。	B书很长。但是，B书不比A书、C书长。	necessarily	pos-t-comp-t
68	陈强在比较三座山的高度。他认为2000米算是高的山。青山1800米。黄山2200米。蓝山1900米。	哪座山最高？	黄山	黄山高。	黄山高吗？	黄山很高。	黄山比青山、蓝山高。	黄山不高。但是，黄山比青山、蓝山高。	黄山很高。但是，黄山不比青山、蓝山高。	necessarily	pos-t-comp-t
69	周敏在比较三杯咖啡的温度。她觉得80度算是烫的咖啡。美式75度。拿铁85度。摩卡70度。	哪杯咖啡温度最高？	拿铁	拿铁烫。	拿铁烫吗？	拿铁很烫。	拿铁比摩卡、美式烫。	拿铁不烫。但是，拿铁比摩卡、美式烫。	拿铁很烫。但是，拿铁不比摩卡、美式烫。	necessarily	pos-t-comp-t
70	吴磊在比较三条河流的长度。他认为500公里算是长的河。长江6300公里。黄河550公里。淮河420公里。	哪条河流最长？	长江	长江长。	长江长吗？	长江很长。	长江比黄河、淮河长。	长江不长。但是，长江比黄河、淮河长。	长江很长。但是，长江不比黄河、淮河长。	necessarily	pos-t-comp-t
71	林婷在比较三支铅笔的价格。她觉得5元算是贵的铅笔。红笔3元。蓝笔6元。绿笔4元。	哪支铅笔最贵？	蓝笔	蓝笔贵。	蓝笔贵吗？	蓝笔很贵。	蓝笔比绿笔、红笔贵。	蓝笔不贵。但是，蓝笔比绿笔、红笔贵。	蓝笔很贵。但是，蓝笔不比绿笔、红笔贵。	necessarily	pos-t-comp-t
72	赵刚在比较三场电影的时长。他觉得2小时算是长的电影。动作片1.5小时。爱情片2.3小时。喜剧片1.8小时。	哪场电影时长最长？	爱情片	爱情片长。	爱情片长吗？	爱情片很长。	爱情片比动作片、喜剧片长。	爱情片不长。但是，爱情片比动作片、喜剧片长。	爱情片很长。但是，爱情片不比动作片、喜剧片长。	necessarily	pos-t-comp-t
73	孙莉在比较三款手机的重量。她觉得200克算是重的手机。X机180克。Y机210克。Z机195克。	哪款手机最重？	Y机	Y机重。	Y机重吗？	Y机很重。	Y机比X机、Z机重。	Y机不重。但是，Y机比X机、Z机重。	Y机很重。但是，Y机不比X机、Z机重。	necessarily	pos-t-comp-t
74	王浩在比较三棵树的年龄。他认为50年算是老的树。松树40年。槐树60年。柳树45年。	哪棵树年龄最大？	槐树	槐树老。	槐树老吗？	槐树很老。	槐树比柳树、松树老。	槐树不老。但是，槐树比柳树、松树老。	槐树很老。但是，槐树不比柳树、松树老。	necessarily	pos-t-comp-t
75	黄娟在比较三双鞋的尺码。她觉得40码算是大的鞋。运动鞋38码。皮鞋41码。凉鞋39码。	哪双鞋尺码最大？	皮鞋	皮鞋大。	皮鞋大吗？	皮鞋很大。	皮鞋比凉鞋、运动鞋大。	皮鞋不大。但是，皮鞋比凉鞋、运动鞋大。	皮鞋很大。但是，皮鞋不比凉鞋、运动鞋大。	necessarily	pos-t-comp-t
76	徐峰在比较三只猫的体重。他认为5公斤算是重的猫。花猫4.2公斤。黑猫5.5公斤。白猫4.8公斤。	哪只猫最重？	黑猫	黑猫重。	黑猫重吗？	黑猫很重。	黑猫比白猫、花猫重。	黑猫不重。但是，黑猫比白猫、花猫重。	黑猫很重。但是，黑猫不比白猫、花猫重。	necessarily	pos-t-comp-t
77	郑雪在比较三栋楼的层数。她觉得20层算是高的楼。A楼18层。B楼25层。C楼15层。	哪栋楼层数最多？	B楼	B楼高。	B楼高吗？	B楼很高。	B楼比A楼、C楼高。	B楼不高。但是，B楼比A楼、C楼高。	B楼很高。但是，B楼不比A楼、C楼高。	necessarily	pos-t-comp-t
78	马强在比较三碗面的辣度。他觉得3颗辣椒算是辣的面。牛肉面2颗。酸辣面4颗。鸡汤面1颗。	哪碗面最辣？	酸辣面	酸辣面辣。	酸辣面辣吗？	酸辣面很辣。	酸辣面比牛肉面、鸡汤面辣。	酸辣面不辣。但是，酸辣面比牛肉面、鸡汤面辣。	酸辣面很辣。但是，酸辣面不比牛肉面、鸡汤面辣。	necessarily	pos-t-comp-t
79	何静在比较三件羽绒服的保暖度。她觉得零下10度算是暖的羽绒服。红款零下5度。蓝款零下15度。黄款零下8度。	哪件羽绒服最暖？	蓝款	蓝款暖。	蓝款暖吗？	蓝款很暖。	蓝款比红款、黄款暖。	蓝款不暖。但是，蓝款比红款、黄款暖。	蓝款很暖。但是，蓝款不比红款、黄款暖。	necessarily	pos-t-comp-t
80	郭涛在比较三台电脑的耗电量。他认为100瓦算是费电的电脑。台式机120瓦。笔记本80瓦。平板60瓦。	哪台电脑最费电？	台式机	台式机费电。	台式机费电吗？	台式机很费电。	台式机比笔记本、平板费电。	台式机不费电。但是，台式机比笔记本、平板费电。	台式机很费电。但是，台式机不比笔记本、平板费电。	necessarily	pos-t-comp-t
81	谢琳在比较三款包的容量。她觉得10升算是大的包。手提包8升。双肩包12升。斜挎包9升。	哪个包容量最大？	双肩包	双肩包大。	双肩包大吗？	双肩包很大。	双肩包比肩包、挎包大。	双肩包不大。但是，双肩包比肩包、挎包大。	双肩包很大。但是，双肩包不比肩包、挎包大。	necessarily	pos-t-comp-t
82	方明在比较三把椅子的承重。他认为150公斤算是结实的椅子。木椅130公斤。铁椅160公斤。塑料椅140公斤。	哪把椅子最结实？	铁椅	铁椅结实。	铁椅结实吗？	铁椅很结实。	铁椅比木椅、塑料椅结实。	铁椅不结实。但是，铁椅比木椅、塑料椅结实。	铁椅很结实。但是，铁椅不比木椅、塑料椅结实。	necessarily	pos-t-comp-t
83	程红在比较三盆植物的高度。她觉得1米算是高的植物。多肉0.3米。绿萝0.8米。龟背竹1.2米。	哪盆植物最高？	龟背竹	龟背竹高。	龟背竹高吗？	龟背竹很高。	龟背竹比绿萝、多肉高。	龟背竹不高。但是，龟背竹比绿萝、多肉高。	龟背竹很高。但是，龟背竹不比绿萝、多肉高。	necessarily	pos-t-comp-t
84	吕杰在比较三款耳机的音量。他觉得90分贝算是响的耳机。A款85分贝。B款95分贝。C款88分贝。	哪款耳机音量最大？	B款	B款响。	B款响吗？	B款很响。	B款比款A款、C款响。	B款不响。但是，B款比款A款、C款响。	B款很响。但是，B款不比款A款、C款响。	necessarily	pos-t-comp-t
85	丁兰在比较三块电池的续航。她觉得24小时算是耐用的电池。甲电池20小时。乙电池26小时。丙电池22小时。	哪块电池续航最长？	乙电池	乙电池耐用。	乙电池耐用吗？	乙电池很耐用。	乙电池比甲电池、丙电池耐用。	乙电池不耐用。但是，乙电池比甲电池、丙电池耐用。	乙电池很耐用。但是，乙电池不比甲电池、丙电池耐用。	necessarily	pos-t-comp-t
86	陆飞在比较三把刀的锋利度。他认为能切5层纸算是锋利的刀。水果刀3层。菜刀7层。美工刀4层。	哪把刀最锋利？	菜刀	菜刀锋利。	菜刀锋利吗？	菜刀很锋利。	菜刀比水果刀、工刀锋利。	菜刀不锋利。但是，菜刀比水果刀、工刀锋利。	菜刀很锋利。但是，菜刀不比水果刀、工刀锋利。	necessarily	pos-t-comp-t
87	张涛在比较三个学生的年龄。他觉得15岁算是大的学生。李华12岁。张伟18岁。王芳14岁。	哪个学生年龄最大？	张伟	张伟大。	张伟大吗？	张伟很大。	张伟比王芳、李华大。	张伟不大。但是，张伟比王芳、李华大。	张伟很大。但是，张伟不比王芳、李华大。	necessarily	pos-t-comp-t
88	陈敏在比较三只动物的速度。她觉得60公里每小时算是快的动物。猎豹70公里每小时。乌龟50公里每小时。兔子55公里每小时。	哪个动物速度最快？	猎豹	猎豹快。	猎豹快吗？	猎豹很快。	猎豹比乌龟、兔子快。	猎豹不快。但是，猎豹比乌龟、兔子快。	猎豹很快。但是，猎豹不比乌龟、兔子快。	necessarily	pos-t-comp-t
89	刘芳在比较三个城市的温度。她觉得30摄氏度算是热的城市。香港35度。北京28度。上海25度。	哪个城市最热？	香港	香港热。	香港热吗？	香港很热。	香港比北京、上海热。	香港不热。但是，香港比北京、上海热。	香港很热。但是，香港不比北京、上海热。	necessarily	pos-t-comp-t
90	周强在比较三条河流的长度。他觉得500米算是长的河流。长江600米。黄河400米。珠江450米。	哪条河流最长？	长江	长江长。	长江长吗？	长江很长。	长江比黄河、珠江长。	长江不长。但是，长江比黄河、珠江长。	长江很长。但是，长江不比黄河、珠江长。	necessarily	pos-t-comp-t
91	吴莉在比较三个国家的面积。她觉得100万平方公里算是大的国家。甲国面积200万。乙国面积50万。丙国面积80万。	哪个国家面积最大？	甲国	甲国大。	甲国大吗？	甲国很大。	甲国比乙国、丙国大。	甲国不大。但是，甲国比乙国、丙国大。	甲国很大。但是，甲国不比乙国、丙国大。	necessarily	pos-t-comp-t
92	郑浩在比较三个瓶子的体积。他觉得1升算是大的瓶子。红瓶1.5升。白瓶0.8升。紫瓶0.5升。	哪个瓶子体积最大？	红瓶	红瓶大。	红瓶大吗？	红瓶很大。	红瓶比白瓶、紫瓶大。	红瓶不大。但是，红瓶比白瓶、紫瓶大。	红瓶很大。但是，红瓶不比白瓶、紫瓶大。	necessarily	pos-t-comp-t
93	孙雨在比较三个书包的重量。她觉得5公斤算是重的书包。A书包6公斤。B书包4公斤。C书包3公斤。	哪个书包最重？	A书包	A书包重。	A书包重吗？	A书包很重。	A书包比B书包、C书包重。	A书包不重。但是，A书包比B书包、C书包重。	A书包很重。但是，A书包不比B书包、C书包重。	necessarily	pos-t-comp-t
94	赵刚在比较三部电影的时长。他觉得2小时算是长的电影。X电影2.5小时。Y电影1.5小时。Z电影1.8小时。	哪部电影时长最长？	X电影	X电影长。	X电影长吗？	X电影很长。	X电影比Y电影、Z电影长。	X电影不长。但是，X电影比Y电影、Z电影长。	X电影很长。但是，X电影不比Y电影、Z电影长。	necessarily	pos-t-comp-t
95	杨雪在比较三次考试的分数。她觉得90分算是高的分数。小明95分。小红85分。小刚88分。	哪次考试分数最高？	小明	小明高。	小明高吗？	小明很高。	小明比小红、小刚高。	小明不高。但是，小明比小红、小刚高。	小明很高。但是，小明不比小红、小刚高。	necessarily	pos-t-comp-t
96	徐磊在比较三个杯子的容量。他觉得300毫升算是大的杯子。甲杯400毫升。乙杯250毫升。丙杯200毫升。	哪个杯子容量最大？	甲杯	甲杯大。	甲杯大吗？	甲杯很大。	甲杯比乙杯、丙杯大。	甲杯不大。但是，甲杯比乙杯、丙杯大。	甲杯很大。但是，甲杯不比乙杯、丙杯大。	necessarily	pos-t-comp-t
97	何婷在比较三个人的跑步距离。她觉得10公里算是远的距离。甲跑了15公里。乙跑了8公里。丙跑了9公里。	哪个人跑步最远？	甲	甲远。	甲远吗？	甲很远。	甲比乙、丙远。	甲不远。但是，甲比乙、丙远。	甲很远。但是，甲不比乙、丙远。	necessarily	pos-t-comp-t
98	黄伟在比较三个灯泡的亮度。她觉得1000流明算是亮的灯泡。A灯1200流明。B灯800流明。C灯900流明。	哪个灯泡最亮？	A灯	A灯亮。	A灯亮吗？	A灯很亮。	A灯比B灯、C灯亮。	A灯不亮。但是，A灯比B灯、C灯亮。	A灯很亮。但是，A灯不比B灯、C灯亮。	necessarily	pos-t-comp-t
99	林娜在比较三个地方的书籍数量。她觉得50本算是多的书籍。图书馆100本。书店30本。学校40本。	哪个地方书最多？	图书馆	图书馆书籍多。	图书馆书籍多吗？	图书馆书籍很多。	图书馆书籍比书店、学校多。	图书馆书籍不多。但是，图书馆书籍比书店、学校多。	图书馆书籍很多。但是，图书馆书籍不比书店、学校多。	necessarily	pos-t-comp-t
100	张涛在比较三座城市的气温。他认为29度算是热的城市。北京30度。上海28度。广州35度。	哪个城市最热？	广州	上海热。	上海热吗？	上海很热。	上海比广州、北京热。	上海不热。但是，上海比广州、北京热。	上海很热。但是，上海不比广州、北京热。	necessarily	pos-f-comp-f
101	陈芳在比较三本书的页数。她觉得200页算是厚的书。A书150页。B书300页。C书180页。	哪本书最厚？	B书	A书厚。	A书厚吗？	A书很厚。	A书比B书、C书厚。	A书不厚。但是，A书比B书、C书厚。	A书很厚。但是，A书不比B书、C书厚。	necessarily	pos-f-comp-f
102	吴磊在比较三款手机的电池容量。他觉得4000毫安算是大容量的手机。X型号3800毫安。Y型号4500毫安。Z型号5000毫安。	哪款手机电池容量最大？	Z型号	X型号大。	X型号大吗？	X型号很大。	X型号比Y型号、Z型号大。	X型号不大。但是，X型号比Y型号、Z型号大。	X型号很大。但是，X型号不比Y型号、Z型号大。	necessarily	pos-f-comp-f
103	陈芳在比较三座山峰的海拔。她觉得3000米算是高的山峰。泰山1545米。华山2154米。贡嘎山7556米。	哪座山峰最高？	贡嘎山	泰山高。	泰山高吗？	泰山很高。	泰山比华山、贡嘎山高。	泰山不高。但是，泰山比华山、贡嘎山高。	泰山很高。但是，泰山不比华山、贡嘎山高。	necessarily	pos-f-comp-f
104	刘强在比较三款手机的续航时间。他认为12小时算是持久的机型。X型号8小时。Y型号18小时。Z型号15小时。	哪款手机续航时间最长？	Y型号	X型号久。	X型号久吗？	X型号很久。	X型号比Z型号、Y型号久。	X型号不久。但是，X型号比Z型号、Y型号久。	X型号很久。但是，X型号不比Z型号、Y型号久。	necessarily	pos-f-comp-f
105	周婷在比较三家餐厅的评分。她觉得4分算是优质的餐厅。A店3.8分。B店4.5分。C店4.2分。	哪家餐厅评分最高？	B店	A店优。	A店优吗？	A店很优。	A店比B店、C店优。	A店不优。但是，A店比B店、C店优。	A店很优。但是，A店不比B店、C店优。	necessarily	pos-f-comp-f
106	刘芳在比较三座城市的气温。她认为25度算是热的天气。甲市30度。乙市18度。丙市22度。	哪个城市最热？	甲市	乙市热。	乙市热吗？	乙市很热。	乙市比丙市、甲市热。	乙市不热。但是，乙市比丙市、甲市热。	乙市很热。但是，乙市不比丙市、甲市热。	necessarily	pos-f-comp-f
107	陈涛在比较三只狗的年龄。他认为5岁算是老的狗。小黑3岁。小白7岁。小黄6岁。	哪只狗年龄最大？	小白	小黑老。	小黑老吗？	小黑很老。	小黑比小白、小黄老。	小黑不老。但是，小黑比小白、小黄老。	小黑很老。但是，小黑不比小白、小黄老。	necessarily	pos-f-comp-f
108	张丽在比较三本书的页数。她觉得300页算是薄的书。A书200页。B书450页。C书350页。	哪本书页数最多？	B书	B书薄。	B书薄吗？	B书很薄。	B书比A书、C书薄。	B书不薄。但是，B书比A书、C书薄。	B书很薄。但是，B书不比A书、C书薄。	necessarily	pos-f-comp-f
109	张涛在比较三个学生的年龄。他认为10岁算是小的学生。王林8岁。陈芳12岁。刘洋9岁。	哪个学生年龄最小？	王林	陈芳小。	陈芳小吗？	陈芳很小。	陈芳比刘洋、王林小。	陈芳不小。但是，陈芳比刘洋、王林小。	陈芳很小。但是，陈芳不比刘洋、王林小。	necessarily	pos-f-comp-f
110	周敏在比较三个城市的温度。她觉得28度算是凉快的天气。广州35度。昆明20度。哈尔滨15度。	哪个城市温度最低？	哈尔滨	广州凉快。	广州凉快吗？	广州很凉快。	广州比昆明、哈尔滨凉快。	广州不凉快。但是，广州比昆明、哈尔滨凉快。	广州很凉快。但是，广州不比昆明、哈尔滨凉快。	necessarily	pos-f-comp-f
111	吴婷在比较三本书的页数。她认为200页算是厚的书。小说300页。诗集150页。散文250页。	哪本书页数最多？	小说	诗集厚。	诗集厚吗？	诗集很厚。	诗集比散文、小说厚。	诗集不厚。但是，诗集比散文、小说厚。	诗集很厚。但是，诗集不比散文、小说厚。	necessarily	pos-f-comp-f
112	张华在比较三个城市的温度。他认为25度算是凉爽的城市。广州30度。北京20度。上海28度。	哪个城市最凉爽？	北京	广州凉爽。	广州凉爽吗？	广州很凉爽。	广州比北京、上海凉爽。	广州不凉爽。但是，广州比北京、上海凉爽。	广州很凉爽。但是，广州不比北京、上海凉爽。	necessarily	pos-f-comp-f
113	陈磊在比较三本书的页数。他觉得300页算是厚的书。A书250页。B书400页。C书350页。	哪本书最厚？	B书	A书厚。	A书厚吗？	A书很厚。	A书比B书、C书厚。	A书不厚。但是，A书比B书、C书厚。	A书很厚。但是，A书不比B书、C书厚。	necessarily	pos-f-comp-f
114	刘芳在比较三个学生的年龄。她觉得15岁算是大的学生。张涛18岁。李娜14岁。王强16岁。	哪个学生年龄最大？	张涛	李娜大。	李娜大吗？	李娜很大。	李娜比王强、张涛大。	李娜不大。但是，李娜比王强、张涛大。	李娜很大。但是，李娜不比王强、张涛大。	necessarily	pos-f-comp-f
115	杨阳在比较三个手机的电量。他认为80%算是高的电量。华为50%。苹果90%。小米75%。	哪个手机电量最高？	苹果	华为高。	华为高吗？	华为很高。	华为比苹果、小米高。	华为不高。但是，华为比苹果、小米高。	华为很高。但是，华为不比苹果、小米高。	necessarily	pos-f-comp-f
116	陈静在比较三个房间的面积。她觉得20平米算是大的房间。A房15平米。B房25平米。C房30平米。	哪个房间面积最大？	C房	A房大。	A房大吗？	A房很大。	A房比B房、C房大。	A房不大。但是，A房比B房、C房大。	A房很大。但是，A房不比B房、C房大。	necessarily	pos-f-comp-f
117	黄伟在比较三个河流的长度。他认为2000公里算是长的河流。长江6300公里。黄河5464公里。淮河1000公里。	哪条河流最长？	长江	淮河长。	淮河长吗？	淮河很长。	淮河比黄河、长江长。	淮河不长。但是，淮河比黄河、长江长。	淮河很长。但是，淮河不比黄河、长江长。	necessarily	pos-f-comp-f
118	周敏在比较三个电影的时长。她觉得2小时算是长的电影。X片1.5小时。Y片2.5小时。Z片3小时。	哪个电影时长最长？	Z片	X片长。	X片长吗？	X片很长。	X片比Y片、Z片长。	X片不长。但是，X片比Y片、Z片长。	X片很长。但是，X片不比Y片、Z片长。	necessarily	pos-f-comp-f
119	吴磊在比较三个动物的速度。他认为每小时50公里算是快的动物。猎豹120公里。乌龟3公里。兔子60公里。	哪个动物速度最快？	猎豹	乌龟快。	乌龟快吗？	乌龟很快。	乌龟比兔子、猎豹快。	乌龟不快。但是，乌龟比兔子、猎豹快。	乌龟很快。但是，乌龟不比兔子、猎豹快。	necessarily	pos-f-comp-f
120	小张在比较三个城市的温度。他认为25度算是热的城市。南京30度。北京20度。广州35度。	哪个城市最热？	广州	北京热。	北京热吗？	北京很热。	北京比广州、南京热。	北京不热。但是，北京比广州、南京热。	北京很热。但是，北京不比广州、南京热。	necessarily	pos-f-comp-f
121	陈芳在比较三个手机的电池容量。她觉得4000毫安算是大的电池。A手机3500毫安。B手机4500毫安。C手机5000毫安。	哪个手机电池容量最大？	C手机	A手机大。	A手机大吗？	A手机很大。	A手机比B手机、C手机大。	A手机不大。但是，A手机比B手机、C手机大。	A手机很大。但是，A手机不比B手机、C手机大。	necessarily	pos-f-comp-f
122	老刘在比较三个房间的面积。他认为20平米算是小的房间。客厅15平米。卧室25平米。厨房12平米。	哪个房间面积最小？	厨房	卧室小。	卧室小吗？	卧室很小。	卧室比厨房、客厅小。	卧室不小。但是，卧室比厨房、客厅小。	卧室很小。但是，卧室不比厨房、客厅小。	necessarily	pos-f-comp-f
123	周涛在比较三个书包的重量。他觉得1公斤算是重的书包。蓝书包0.8公斤。红书包1.5公斤。黑书包1.2公斤。	哪个书包最重？	红书包	蓝包重。	蓝包重吗？	蓝包很重。	蓝包比红书包、黑书包重。	蓝包不重。但是，蓝包比红书包、黑书包重。	蓝包很重。但是，蓝包不比红书包、黑书包重。	necessarily	pos-f-comp-f
124	吴敏在比较三个水杯的容量。她觉得500毫升算是大的杯子。玻璃杯600毫升。塑料杯300毫升。陶瓷杯450毫升。	哪个杯子容量最大？	玻璃杯	塑料杯大。	塑料杯大吗？	塑料杯很大。	塑料杯比玻璃杯、陶瓷杯大。	塑料杯不大。但是，塑料杯比玻璃杯、陶瓷杯大。	塑料杯很大。但是，塑料杯不比玻璃杯、陶瓷杯大。	necessarily	pos-f-comp-f
125	赵强在比较三个学生的年龄。他认为12岁算是小的学生。小林14岁。小美10岁。小刚13岁。	哪个学生年龄最小？	小美	小林小。	小林小吗？	小林很小。	小林比小美、小刚小。	小林不小。但是，小林比小美、小刚小。	小林很小。但是，小林不比小美、小刚小。	necessarily	pos-f-comp-f
126	孙丽在比较三个水果的甜度。她觉得8度算是甜的水果。苹果6度。香蕉9度。橙子7度。	哪个水果最甜？	香蕉	苹果甜。	苹果甜吗？	苹果很甜。	苹果比香蕉、橙子甜。	苹果不甜。但是，苹果比香蕉、橙子甜。	苹果很甜。但是，苹果不比香蕉、橙子甜。	necessarily	pos-f-comp-f
127	钱浩在比较三个河流的长度。他认为100公里算是短的河流。长江200公里。黄河80公里。珠江150公里。	哪条河流最短？	黄河	长江短。	长江短吗？	长江很短。	长江比黄河、珠江短。	长江不短。但是，长江比黄河、珠江短。	长江很短。但是，长江不比黄河、珠江短。	necessarily	pos-f-comp-f
128	周婷在比较三个电影的评分。她觉得7分算是低的电影。A电影8.5分。B电影6.3分。C电影9.1分。	哪个电影评分最高？	C电影	C电影低。	C电影低吗？	C电影很低。	C电影比A电影、B电影低。	C电影不低。但是，C电影比A电影、B电影低。	C电影很低。但是，C电影不比A电影、B电影低。	necessarily	pos-f-comp-f
129	郑伟在比较三个灯泡的亮度。他认为100流明算是暗的灯泡。白灯120流明。黄灯90流明。蓝灯150流明。	哪个灯泡最亮？	蓝灯	蓝灯暗。	蓝灯暗吗？	蓝灯很暗。	蓝灯比黄灯、白灯暗。	蓝灯不暗。但是，蓝灯比黄灯、白灯暗。	蓝灯很暗。但是，蓝灯不比黄灯、白灯暗。	necessarily	pos-f-comp-f
130	老陈在比较三个工厂的产量。他觉得500吨算是低的月产量。甲厂600吨。乙厂450吨。丙厂800吨。	哪个工厂产量最高？	丙厂	丙厂月产量低。	丙厂月产量低吗？	丙厂月产量很低。	丙厂月产量比乙厂、丙厂低。	丙厂月产量不低。但是，丙厂月产量比乙厂、丙厂低。	丙厂月产量很低。但是，丙厂月产量不比乙厂、丙厂低。	necessarily	pos-f-comp-f
131	小何在比较三个软件的下载量。她觉得10万次算是少的下载量。X软件15万次。Y软件8万次。Z软件12万次。	哪个软件下载量最多？	X软件	X软件下载量少。	X软件下载量少吗？	X软件下载量很少。	X软件下载量比Y软件、Z软件少。	X软件下载量不少。但是，X软件下载量比Y软件、Z软件少。	X软件下载量很少。但是，X软件下载量不比Y软件、Z软件少。	necessarily	pos-f-comp-f
132	张姨在比较三个蛋糕的糖分。她觉得50克算是低糖的蛋糕。巧克力蛋糕70克。草莓蛋糕45克。奶油蛋糕60克。	哪个蛋糕糖分最高？	巧克力蛋糕	巧克力蛋糕低。	巧克力蛋糕低吗？	巧克力蛋糕很低。	巧克力蛋糕比草莓蛋糕、奶油蛋糕低。	巧克力蛋糕不低。但是，巧克力蛋糕比草莓蛋糕、奶油蛋糕低。	巧克力蛋糕很低。但是，巧克力蛋糕不比草莓蛋糕、奶油蛋糕低。	necessarily	pos-f-comp-f
133	王叔在比较三个鱼塘的深度。他认为2米算是浅的鱼塘。一号塘1.8米。二号塘3米。三号塘2.5米。	哪个鱼塘最浅？	一号塘	二号塘浅。	二号塘浅吗？	二号塘很浅。	二号塘比一号塘、三号塘浅。	二号塘不浅。但是，二号塘比一号塘、三号塘浅。	二号塘很浅。但是，二号塘不比一号塘、三号塘浅。	necessarily	pos-f-comp-f
134	小林在比较三个快递的速度。她觉得3天算是慢的快递。顺丰2天。圆通4天。中通3天。	哪个快递最慢？	圆通	顺丰慢。	顺丰慢吗？	顺丰很慢。	顺丰比圆通、中通慢。	顺丰不慢。但是，顺丰比圆通、中通慢。	顺丰很慢。但是，顺丰不比圆通、中通慢。	necessarily	pos-f-comp-f
135	张涛在比较三只狗的年龄。他认为3岁算是年轻的狗。小黑5岁。小白2岁。小花4岁。	哪只狗年龄最小？	小白	小黑年轻。	小黑年轻吗？	小黑很年轻。	小黑比小白、小花年轻。	小黑不年轻。但是，小黑比小白、小花年轻。	小黑很年轻。但是，小黑不比小白、小花年轻。	necessarily	pos-f-comp-f
136	陈芳在比较三本书的厚度。她觉得200页算是薄的书。A书150页。B书300页。C书250页。	哪本书最厚？	B书	B书薄。	B书薄吗？	B书很薄。	B书比A书、C书薄。	B书不薄。但是，B书比A书、C书薄。	B书很薄。但是，B书不比A书、C书薄。	necessarily	pos-f-comp-f
137	刘强在比较三座山的海拔。他认为1500米算是高的山。泰山1545米。黄山1864米。庐山1474米。	哪座山最高？	黄山	庐山高。	庐山高吗？	庐山很高。	庐山比黄山、泰山高。	庐山不高。但是，庐山比黄山、泰山高。	庐山很高。但是，庐山不比黄山、泰山高。	necessarily	pos-f-comp-f
138	周敏在比较三杯水的温度。她觉得30度算是烫的水。甲杯45度。乙杯25度。丙杯50度。	哪杯水温度最高？	丙杯	乙杯烫。	乙杯烫吗？	乙杯很烫。	乙杯比甲杯、丙杯烫。	乙杯不烫。但是，乙杯比甲杯、丙杯烫。	乙杯很烫。但是，乙杯不比甲杯、丙杯烫。	necessarily	pos-f-comp-f
139	吴浩在比较三支笔的长度。他认为12厘米算是长的笔。蓝笔15厘米。红笔10厘米。黑笔18厘米。	哪支笔最长？	黑笔	红笔长。	红笔长吗？	红笔很长。	红笔比黑笔、蓝笔长。	红笔不长。但是，红笔比黑笔、蓝笔长。	红笔很长。但是，红笔不比黑笔、蓝笔长。	necessarily	pos-f-comp-f
140	林琳在比较三间房的面积。她觉得20平米算是大的房间。101号25平米。102号18平米。103号30平米。	哪个房间面积最大？	103号	102号大。	102号大吗？	102号很大。	102号比101号、103号大。	102号不大。但是，102号比101号、103号大。	102号很大。但是，102号不比101号、103号大。	necessarily	pos-f-comp-f
141	赵刚在比较三条鱼的重量。他认为1公斤算是重的鱼。青鱼0.8公斤。鲤鱼1.5公斤。草鱼1.2公斤。	哪条鱼最重？	鲤鱼	青鱼重。	青鱼重吗？	青鱼很重。	青鱼比鲤鱼、草鱼重。	青鱼不重。但是，青鱼比鲤鱼、草鱼重。	青鱼很重。但是，青鱼不比鲤鱼、草鱼重。	necessarily	pos-f-comp-f
142	孙丽在比较三双鞋的价格。她觉得500元算是贵的鞋。运动鞋800元。皮鞋450元。凉鞋600元。	哪双鞋最贵？	运动鞋	皮鞋贵。	皮鞋贵吗？	皮鞋很贵。	皮鞋比凉鞋、运动贵。	皮鞋不贵。但是，皮鞋比凉鞋、运动贵。	皮鞋很贵。但是，皮鞋不比凉鞋、运动贵。	necessarily	pos-f-comp-f
143	王芳在比较三棵树的树龄。她觉得10年算是老的树。松树25年。杨树8年。柳树15年。	哪棵树树龄最大？	松树	杨树老。	杨树老吗？	杨树很老。	杨树比柳树、松树老。	杨树不老。但是，杨树比柳树、松树老。	杨树很老。但是，杨树不比柳树、松树老。	necessarily	pos-f-comp-f
144	陈明在比较三台手机的电量。他认为80%算是高电量。A手机95%。B手机75%。C手机60%。	哪台手机电量最高？	A手机	C手机电量高。	C手机电量高吗？	C手机电量很高。	C手机电量比A手机、B手机高。	C手机电量不高。但是，C手机电量比A手机、B手机高。	C手机电量很高。但是，C手机电量不比A手机、B手机高。	necessarily	pos-f-comp-f
145	李娜在比较三件衣服的尺寸。她觉得M码算是大的衣服。外套L码。T恤S码。裙子XL码。	哪件衣服尺码最大？	裙子	T恤大。	T恤大吗？	T恤很大。	T恤比裙子、外套大。	T恤不大。但是，T恤比裙子、外套大。	T恤很大。但是，T恤不比裙子、外套大。	necessarily	pos-f-comp-f
146	周杰在比较三场电影的时长。他认为90分钟算是长的电影。动作片120分钟。爱情片85分钟。科幻片150分钟。	哪场电影时长最长？	科幻片	爱情片长。	爱情片长吗？	爱情片很长。	爱情片比动作片、科幻片长。	爱情片不长。但是，爱情片比动作片、科幻片长。	爱情片很长。但是，爱情片不比动作片、科幻片长。	necessarily	pos-f-comp-f
147	吴婷在比较三碗面的分量。她觉得300克算是多的面。牛肉面350克。素面280克。海鲜面400克。	哪碗面分量最多？	海鲜面	素面多。	素面多吗？	素面很多。	素面比海鲜面、牛肉面多。	素面不多。但是，素面比海鲜面、牛肉面多。	素面很多。但是，素面不比海鲜面、牛肉面多。	necessarily	pos-f-comp-f
148	郑伟在比较三把椅子的承重。他认为100公斤算是强的承重。木椅120公斤。塑料椅90公斤。铁椅150公斤。	哪把椅子承重最大？	铁椅	塑料椅强。	塑料椅强吗？	塑料椅很强。	塑料椅比木椅、铁椅强。	塑料椅不强。但是，塑料椅比木椅、铁椅强。	塑料椅很强。但是，塑料椅不比木椅、铁椅强。	necessarily	pos-f-comp-f
149	徐静在比较三瓶饮料的甜度。她觉得5%糖分算是高糖的。橙汁7%。绿茶3%。可乐10%。	哪瓶饮料最甜？	可乐	绿茶甜。	绿茶甜吗？	绿茶很甜。	绿茶比可乐、橙汁甜。	绿茶不甜。但是，绿茶比可乐、橙汁甜。	绿茶很甜。但是，绿茶不比可乐、橙汁甜。	necessarily	pos-f-comp-f
150	黄磊在比较三台电脑的速度。他认为4秒开机算是快的电脑。A电脑3秒。B电脑5秒。C电脑6秒。	哪台电脑开机速度最快？	A电脑	C电脑快。	C电脑快吗？	C电脑很快。	C电脑比A电脑、B电脑快。	C电脑不快。但是，C电脑比A电脑、B电脑快。	C电脑很快。但是，C电脑不比A电脑、B电脑快。	necessarily	pos-f-comp-f
151	何娟在比较三盆植物的高度。她觉得50厘米算是高的植物。绿萝60厘米。多肉30厘米。龟背竹80厘米。	哪盆植物最高？	龟背竹	多肉高。	多肉高吗？	多肉很高。	多肉比龟背竹、绿萝高。	多肉不高。但是，多肉比龟背竹、绿萝高。	多肉很高。但是，多肉不比龟背竹、绿萝高。	necessarily	pos-f-comp-f
152	马超在比较三支球队的积分。他认为20分算是多的积分。甲队25分。乙队18分。丙队30分。	哪支球队积分最高？	丙队	乙队多。	乙队多吗？	乙队很多。	乙队比丙队、甲队多。	乙队不多。但是，乙队比丙队、甲队多。	乙队很多。但是，乙队不比丙队、甲队多。	necessarily	pos-f-comp-f
153	朱琳在比较三款相机的像素。她觉得2000万算是高的像素。X相机2400万。Y相机1800万。Z相机3000万。	哪款相机像素最高？	Z相机	Y相机高。	Y相机高吗？	Y相机很高。	Y相机比X相机、Z相机高。	Y相机不高。但是，Y相机比X相机、Z相机高。	Y相机很高。但是，Y相机不比X相机、Z相机高。	necessarily	pos-f-comp-f
154	郭强在比较三条河流的长度。他认为2000公里算是长的河。长江6300公里。黄河5464公里。淮河1000公里。	哪条河流最长？	长江	淮河长。	淮河长吗？	淮河很长。	淮河比黄河、长江长。	淮河不长。但是，淮河比黄河、长江长。	淮河很长。但是，淮河不比黄河、长江长。	necessarily	pos-f-comp-f
155	唐敏在比较三款口红的颜色深度。她觉得3度算是深的颜色。1号色2度。2号色4度。3号色1度。	哪款口红颜色最深？	2号色	3号色深。	3号色深吗？	3号色很深。	3号色比1号色、2号深。	3号色不深。但是，3号色比1号色、2号深。	3号色很深。但是，3号色不比1号色、2号深。	necessarily	pos-f-comp-f
156	宋杰在比较三辆自行车的速度。他认为20km/h算是快的车。A车25km/h。B车18km/h。C车30km/h。	哪辆自行车速度最快？	C车	B车快。	B车快吗？	B车很快。	B车比A车、C车快。	B车不快。但是，B车比A车、C车快。	B车很快。但是，B车不比A车、C车快。	necessarily	pos-f-comp-f
157	韩雪在比较三间图书馆的藏书量。她觉得10万册算是多的。东馆15万册。南馆8万册。西馆20万册。	哪间图书馆藏书量最多？	西馆	南馆多。	南馆多吗？	南馆很多。	南馆比西馆、东馆多。	南馆不多。但是，南馆比西馆、东馆多。	南馆很多。但是，南馆不比西馆、东馆多。	necessarily	pos-f-comp-f
158	董浩在比较三款灯泡的亮度。他认为100瓦算是亮的灯泡。白灯120瓦。黄灯90瓦。LED灯150瓦。	哪个灯泡最亮？	LED灯	黄灯亮。	黄灯亮吗？	黄灯很亮。	黄灯比白灯、LED灯亮。	黄灯不亮。但是，黄灯比白灯、LED灯亮。	黄灯很亮。但是，黄灯不比白灯、LED灯亮。	necessarily	pos-f-comp-f
159	许晴在比较三块手表的精度。她觉得每日±5秒算是高精度。A表±3秒。B表±6秒。C表±2秒。	哪块手表精度最高？	C表	B表准。	B表准吗？	B表很准。	B表比A表、C表准。	B表不准。但是，B表比A表、C表准。	B表很准。但是，B表不比A表、C表准。	necessarily	pos-f-comp-f
160	吕伟在比较三把伞的直径。他认为90厘米算是大的伞。黑伞100厘米。蓝伞85厘米。红伞110厘米。	哪把伞最大？	红伞	蓝伞大。	蓝伞大吗？	蓝伞很大。	蓝伞比红伞、黑伞大。	蓝伞不大。但是，蓝伞比红伞、黑伞大。	蓝伞很大。但是，蓝伞不比红伞、黑伞大。	necessarily	pos-f-comp-f
161	丁兰在比较三款洗发水的容量。她觉得400毫升算是多的。柔顺款350毫升。去屑款450毫升。修复款500毫升。	哪款洗发水容量最多？	修复款	柔顺款多。	柔顺款多吗？	柔顺款很多。	柔顺款比去屑款、修复款多。	柔顺款不多。但是，柔顺款比去屑款、修复款多。	柔顺款很多。但是，柔顺款不比去屑款、修复款多。	necessarily	pos-f-comp-f
162	陆峰在比较三栋楼的层数。他认为15层算是高的楼。A栋20层。B栋12层。C栋25层。	哪栋楼层数最多？	C栋	B栋高。	B栋高吗？	B栋很高。	B栋比A栋、C栋高。	B栋不高。但是，B栋比A栋、C栋高。	B栋很高。但是，B栋不比A栋、C栋高。	necessarily	pos-f-comp-f
163	姜华在比较三台空调的耗电量。她觉得1度/小时算是省电的。节能型0.8度。标准型1.2度。强力型1.5度。	哪台空调最省电？	节能型	强力型省电。	强力型省电吗？	强力型很省电。	强力型比标准型、强力型省电。	强力型不省电。但是，强力型比标准型、强力型省电。	强力型很省电。但是，强力型不比标准型、强力型省电。	necessarily	pos-f-comp-f
164	谢娜在比较三款背包的容量。他认为30升算是大的背包。登山包40升。日常包25升。旅行包50升。	哪个背包容量最大？	旅行包	日常包大。	日常包大吗？	日常包很大。	日常包比登山包、旅行包大。	日常包不大。但是，日常包比登山包、旅行包大。	日常包很大。但是，日常包不比登山包、旅行包大。	necessarily	pos-f-comp-f
165	张涛在比较三本书的页数。他认为300页算是大的书。A书400页。B书250页。C书350页。	哪本书页数最多？	A书	B书大。	B书大吗？	B书很大。	B书比A书、C书大。	B书不大。但是，B书比A书、C书大。	B书很大。但是，B书不比A书、C书大。	necessarily	pos-f-comp-f
166	张伟在比较三只狗的速度。他认为每小时30公里算是快的狗。阿黄25公里。小黑35公里。小白20公里。	哪只狗速度最快？	小黑	小白快。	小白快吗？	小白很快。	小白比小黑、阿黄快。	小白不快。但是，小白比小黑、阿黄快。	小白很快。但是，小白不比小黑、阿黄快。	necessarily	pos-f-comp-f
167	刘芳在比较三本书的页数。她觉得300页算是长的书。A书250页。B书400页。C书180页。	哪本书页数最多？	B书	C书长。	C书长吗？	C书很长。	C书比A书、B书长。	C书不长。但是，C书比A书、B书长。	C书很长。但是，C书不比A书、B书长。	necessarily	pos-f-comp-f
168	陈强在比较三座山的高度。他认为2000米算是高的山。青山1800米。黄山2200米。蓝山1900米。	哪座山最高？	黄山	青山高。	青山高吗？	青山很高。	青山比黄山、蓝山高。	青山不高。但是，青山比黄山、蓝山高。	青山很高。但是，青山不比黄山、蓝山高。	necessarily	pos-f-comp-f
169	周敏在比较三杯咖啡的温度。她觉得80度算是烫的咖啡。美式75度。拿铁85度。摩卡70度。	哪杯咖啡温度最高？	拿铁	摩卡烫。	摩卡烫吗？	摩卡很烫。	摩卡比拿铁、美式烫。	摩卡不烫。但是，摩卡比拿铁、美式烫。	摩卡很烫。但是，摩卡不比拿铁、美式烫。	necessarily	pos-f-comp-f
170	吴磊在比较三条河流的长度。他认为400公里算是长的河。长江630公里。黄河550公里。淮河420公里。	哪条河流最长？	长江	淮河长。	淮河长吗？	淮河很长。	淮河比黄河、长江长。	淮河不长。但是，淮河比黄河、长江长。	淮河很长。但是，淮河不比黄河、长江长。	necessarily	pos-f-comp-f
171	林婷在比较三支铅笔的价格。她觉得5元算是贵的铅笔。红笔3元。蓝笔6元。绿笔4元。	哪支铅笔最贵？	蓝笔	红笔贵。	红笔贵吗？	红笔很贵。	红笔比蓝笔、绿笔贵。	红笔不贵。但是，红笔比蓝笔、绿笔贵。	红笔很贵。但是，红笔不比蓝笔、绿笔贵。	necessarily	pos-f-comp-f
172	赵刚在比较三场电影的时长。他觉得2小时算是长的电影。动作片1.5小时。爱情片2.3小时。喜剧片1.8小时。	哪场电影时长最长？	爱情片	动作片长。	动作片长吗？	动作片很长。	动作片比爱情片、喜剧片长。	动作片不长。但是，动作片比爱情片、喜剧片长。	动作片很长。但是，动作片不比爱情片、喜剧片长。	necessarily	pos-f-comp-f
173	孙莉在比较三款手机的重量。她觉得200克算是重的手机。X机180克。Y机210克。Z机195克。	哪款手机最重？	Y机	X机重。	X机重吗？	X机很重。	X机比Y机、Z机重。	X机不重。但是，X机比Y机、Z机重。	X机很重。但是，X机不比Y机、Z机重。	necessarily	pos-f-comp-f
174	王浩在比较三棵树的年龄。他认为50年算是老的树。松树40年。槐树60年。柳树45年。	哪棵树年龄最大？	槐树	松树老。	松树老吗？	松树很老。	松树比槐树、柳树老。	松树不老。但是，松树比槐树、柳树老。	松树很老。但是，松树不比槐树、柳树老。	necessarily	pos-f-comp-f
175	黄娟在比较三双鞋的尺码。她觉得40码算是大的鞋。运动鞋38码。皮鞋41码。凉鞋39码。	哪双鞋尺码最大？	皮鞋	运动鞋大。	运动鞋大吗？	运动鞋很大。	运动鞋比皮鞋、凉鞋大。	运动鞋不大。但是，运动鞋比皮鞋、凉鞋大。	运动鞋很大。但是，运动鞋不比皮鞋、凉鞋大。	necessarily	pos-f-comp-f
176	徐峰在比较三只猫的体重。他认为5公斤算是重的猫。花猫4.2公斤。黑猫5.5公斤。白猫4.8公斤。	哪只猫最重？	黑猫	花猫重。	花猫重吗？	花猫很重。	花猫比黑猫、白猫重。	花猫不重。但是，花猫比黑猫、白猫重。	花猫很重。但是，花猫不比黑猫、白猫重。	necessarily	pos-f-comp-f
177	郑雪在比较三栋楼的层数。她觉得20层算是高的楼。A楼18层。B楼25层。C楼15层。	哪栋楼层数最多？	B楼	C楼高。	C楼高吗？	C楼很高。	C楼比A楼、B楼高。	C楼不高。但是，C楼比A楼、B楼高。	C楼很高。但是，C楼不比A楼、B楼高。	necessarily	pos-f-comp-f
178	马强在比较三碗面的辣度。他觉得3颗辣椒算是辣的面。牛肉面2颗。酸辣面4颗。鸡蛋面1颗。	哪碗面最辣？	酸辣面	鸡蛋面辣。	鸡蛋面辣吗？	鸡蛋面很辣。	鸡蛋面比酸辣面、牛肉面辣。	鸡蛋面不辣。但是，鸡蛋面比酸辣面、牛肉面辣。	鸡蛋面很辣。但是，鸡蛋面不比酸辣面、牛肉面辣。	necessarily	pos-f-comp-f
179	何静在比较三件羽绒服的保暖度。她觉得能抗住零下10度算是保暖的羽绒服。红款零下5度。蓝款零下15度。黄款零下8度。	哪件羽绒服最暖？	蓝款	红款保暖。	红款保暖吗？	红款保很暖。	红款比蓝款、黄款暖。	红款保不暖。但是，红款比蓝款、黄款暖。	红款保很暖。但是，红款不比蓝款、黄款暖。	necessarily	pos-f-comp-f
180	郭涛在比较三台电脑的耗电量。他认为100瓦算是费电的电脑。台式机120瓦。笔记本80瓦。平板60瓦。	哪台电脑最费电？	台式机	平板费电。	平板费电吗？	平板很费电。	平板比笔记本、平板费电。	平板不费电。但是，平板比笔记本、平板费电。	平板很费电。但是，平板不比笔记本、平板费电。	necessarily	pos-f-comp-f
181	谢琳在比较三款包的容量。她觉得10升算是大的包。手提包8升。双肩包12升。斜挎包9升。	哪个包容量最大？	双肩包	手提包大。	手提包大吗？	手提包很大。	手提包比肩包、挎包大。	手提包不大。但是，手提包比肩包、挎包大。	手提包很大。但是，手提包不比肩包、挎包大。	necessarily	pos-f-comp-f
182	方明在比较三把椅子的承重。他认为150公斤算是结实的椅子。木椅130公斤。铁椅160公斤。塑料椅140公斤。	哪把椅子最结实？	铁椅	木椅结实。	木椅结实吗？	木椅很结实。	木椅比铁椅、塑料椅结实。	木椅不结实。但是，木椅比铁椅、塑料椅结实。	木椅很结实。但是，木椅不比铁椅、塑料椅结实。	necessarily	pos-f-comp-f
183	程红在比较三盆植物的高度。她觉得1米算是高的植物。多肉0.3米。绿萝0.8米。龟背竹1.2米。	哪盆植物最高？	龟背竹	多肉高。	多肉高吗？	多肉很高。	多肉比绿萝、龟背竹高。	多肉不高。但是，多肉比绿萝、龟背竹高。	多肉很高。但是，多肉不比绿萝、龟背竹高。	necessarily	pos-f-comp-f
184	吕杰在比较三款耳机的音量。他觉得90分贝算是响的耳机。A款85分贝。B款95分贝。C款88分贝。	哪款耳机音量最大？	B款	A款响。	A款响吗？	A款很响。	A款比B款、C款响。	A款不响。但是，A款比B款、C款响。	A款很响。但是，A款不比B款、C款响。	necessarily	pos-f-comp-f
185	丁兰在比较三块电池的续航。她觉得24小时算是耐用的电池。甲电池20小时。乙电池26小时。丙电池22小时。	哪块电池续航最长？	乙电池	甲电池耐用。	甲电池耐用吗？	甲电池很耐用。	甲电池比乙电池、丙电池耐用。	甲电池不耐用。但是，甲电池比乙电池、丙电池耐用。	甲电池很耐用。但是，甲电池不比乙电池、丙电池耐用。	necessarily	pos-f-comp-f
186	陆飞在比较三把刀的锋利度。他认为能切5层纸算是锋利的刀。水果刀3层。菜刀7层。美工刀4层。	哪把刀最锋利？	菜刀	水果刀锋利。	水果刀锋利吗？	水果刀很锋利。	水果刀比菜刀、工刀锋利。	水果刀不锋利。但是，水果刀比菜刀、工刀锋利。	水果刀很锋利。但是，水果刀不比菜刀、工刀锋利。	necessarily	pos-f-comp-f
187	张涛在比较三个学生的年龄。他觉得15岁算是大的学生。李华12岁。张伟18岁。王芳14岁。	哪个学生年龄最大？	张伟	李华大。	李华大吗？	李华很大。	李华比张伟、王芳大。	李华不大。但是，李华比张伟、王芳大。	李华很大。但是，李华不比张伟、王芳大。	necessarily	pos-f-comp-f
188	陈敏在比较三只动物的速度。她觉得60公里每小时算是快的动物。猎豹70公里每小时。乌龟50公里每小时。兔子55公里每小时。	哪个动物速度最快？	猎豹	乌龟快。	乌龟快吗？	乌龟很快。	乌龟比兔子、猎豹快。	乌龟不快。但是，乌龟比兔子、猎豹快。	乌龟很快。但是，乌龟不比兔子、猎豹快。	necessarily	pos-f-comp-f
189	刘芳在比较三个城市的温度。她觉得30摄氏度算是热的城市。香港35度。北京28度。上海25度。	哪个城市最热？	香港	上海热。	上海热吗？	上海很热。	上海比北京、香港热。	上海不热。但是，上海比北京、香港热。	上海很热。但是，上海不比北京、香港热。	necessarily	pos-f-comp-f
190	周强在比较三条河流的长度。他觉得500米算是长的河流。长江600米。黄河400米。珠江450米。	哪条河流最长？	长江	黄河长。	黄河长吗？	黄河很长。	黄河比珠江、长江长。	黄河不长。但是，黄河比珠江、长江长。	黄河很长。但是，黄河不比珠江、长江长。	necessarily	pos-f-comp-f
191	吴莉在比较三个国家的面积。她觉得100万平方公里算是大的国家。甲国200万。乙国50万。丙国80万。	哪个国家面积最大？	甲国	乙国大。	法国大吗？	乙国很大。	乙国比甲国、丙国大。	乙国不大。但是，乙国比甲国、丙国大。	乙国很大。但是，乙国不比甲国、丙国大。	necessarily	pos-f-comp-f
192	郑浩在比较三个瓶子的体积。他觉得1升算是大的瓶子。甲瓶1.5升。乙瓶0.8升。丙瓶0.5升。	哪个瓶子体积最大？	红瓶	丙瓶大。	丙瓶大吗？	丙瓶很大。	丙瓶比乙瓶、甲瓶大。	丙瓶不大。但是，丙瓶比乙瓶、甲瓶大。	丙瓶很大。但是，丙瓶不比乙瓶、甲瓶大。	necessarily	pos-f-comp-f
193	孙雨在比较三个书包的重量。她觉得5公斤算是重的书包。A书包6公斤。B书包4公斤。C书包3公斤。	哪个书包最重？	A书包	C书包重。	C书包重吗？	C书包很重。	C书包比A书包、B书包重。	C书包不重。但是，C书包比A书包、B书包重。	C书包很重。但是，C书包不比A书包、B书包重。	necessarily	pos-f-comp-f
194	赵刚在比较三部电影的时长。他觉得2小时算是长的电影。X电影2.5小时。Y电影1.5小时。Z电影1.8小时。	哪部电影时长最长？	X电影	Y电影长。	Y电影长吗？	Y电影很长。	Y电影比X电影、Z电影长。	Y电影不长。但是，Y电影比X电影、Z电影长。	Y电影很长。但是，Y电影不比X电影、Z电影长。	necessarily	pos-f-comp-f
195	杨雪在比较三次考试的分数。她觉得90分算是高的分数。小明95分。小红85分。小刚88分。	哪次考试分数最高？	小明	小红高。	小红高吗？	小红很高。	小红比小刚、小明高。	小红不高。但是，小红比小刚、小明高。	小红很高。但是，小红不比小刚、小明高。	necessarily	pos-f-comp-f
196	徐磊在比较三个杯子的容量。他觉得300毫升算是大的杯子。黑杯400毫升。紫杯250毫升。黄杯200毫升。	哪个杯子容量最大？	甲杯	黄杯大。	黄杯大吗？	黄杯很大。	黄杯比紫杯、黑杯大。	黄杯不大。但是，黄杯比紫杯、黑杯大。	黄杯很大。但是，黄杯不比紫杯、黑杯大。	necessarily	pos-f-comp-f
197	何婷在比较三个人的跑步距离。她觉得10公里算是远的距离。甲跑了15公里。乙跑了8公里。丙跑了9公里。	哪个人跑步最远？	甲	乙远。	乙远吗？	乙很远。	乙比甲、丙远。	乙不远。但是，乙比甲、丙远。	乙很远。但是，乙不比甲、丙远。	necessarily	pos-f-comp-f
198	黄伟在比较三个灯泡的亮度。她觉得1000流明算是亮的灯泡。A灯1200流明。B灯800流明。C灯900流明。	哪个灯泡最亮？	A灯	B灯亮。	B灯亮吗？	B灯很亮。	B灯比A灯、C灯亮。	B灯不亮。但是，B灯比A灯、C灯亮。	B灯很亮。但是，B灯不比A灯、C灯亮。	necessarily	pos-f-comp-f
199	林娜在比较三个地方的书籍数量。她觉得50本算是多的书籍。图书馆100本。书店30本。学校40本。	哪个地方书最多？	图书馆	书店书籍多。	书店书籍多吗？	书店书籍很多。	书店书籍比书店、学校多。	书店书籍不多。但是，书店书籍比书店、学校多。	书店书籍很多。但是，书店书籍不比书店、学校多。	necessarily	pos-f-comp-f
200	张涛在比较三座城市的气温。他认为29度算是热的城市。北京30度。上海28度。广州35度。	哪个城市最热？	广州	北京热。	北京热吗？	北京很热。	北京比上海、广州热。	北京不热。但是，北京比上海、广州热。	北京很热。但是，北京不比上海、广州热。	possibly	pos-t-comp-f
201	陈芳在比较三本书的页数。她觉得170页算是厚的书。A书150页。B书300页。C书180页。	哪本书最厚？	B书	C书厚。	C书厚吗？	C书很厚。	C书比A书、B书厚。	C书不厚。但是，C书比A书、B书厚。	C书很厚。但是，C书不比A书、B书厚。	possibly	pos-t-comp-f
202	吴磊在比较三款手机的电池容量。他觉得4000毫安算是大容量的手机。X型号3800毫安。Y型号4500毫安。Z型号5000毫安。	哪款手机电池容量最大？	Z型号	Y型号大。	Y型号大吗？	Y型号很大。	Y型号比X型号、Z型号大。	Y型号不大。但是，Y型号比X型号、Z型号大。	Y型号很大。但是，Y型号不比X型号、Z型号大。	possibly	pos-t-comp-f
203	陈芳在比较三座山峰的海拔。她觉得3000米算是高的山峰。泰山1545米。华山4154米。贡嘎山7556米。	哪座山峰最高？	贡嘎山	华山高。	华山高吗？	华山很高。	华山比贡嘎山、泰山高。	华山不高。但是，华山比贡嘎山、泰山高。	华山很高。但是，华山不比贡嘎山、泰山高。	possibly	pos-t-comp-f
204	刘强在比较三款手机的续航时间。他认为12小时算是持久的机型。X型号8小时。Y型号18小时。Z型号15小时。	哪款手机续航时间最长？	Y型号	Z型号久。	Z型号久吗？	Z型号很久。	Z型号比X型号、Y型号久。	Z型号不久。但是，Z型号比X型号、Y型号久。	Z型号很久。但是，Z型号不比X型号、Y型号久。	possibly	pos-t-comp-f
205	周婷在比较三家餐厅的评分。她觉得4分算是优质的餐厅。A店3.8分。B店4.5分。C店4.2分。	哪家餐厅评分最高？	B店	C店优。	C店优吗？	C店很优。	C店比A店、B店优。	C店不优。但是，C店比A店、B店优。	C店很优。但是，C店不比A店、B店优。	possibly	pos-t-comp-f
206	刘芳在比较三座城市的气温。她认为20度算是热的天气。甲市30度。乙市18度。丙市22度。	哪个城市最热？	甲市	丙市热。	丙市热吗？	丙市很热。	丙市比乙市、甲市热。	丙市不热。但是，丙市比乙市、甲市热。	丙市很热。但是，丙市不比乙市、甲市热。	possibly	pos-t-comp-f
207	陈涛在比较三只狗的年龄。他认为5岁算是老的狗。小黑3岁。小白7岁。小黄6岁。	哪只狗年龄最大？	小白	小黄老。	小黄老吗？	小黄很老。	小黄比小白、小黑老。	小黄不老。但是，小黄比小白、小黑老。	小黄很老。但是，小黄不比小白、小黑老。	possibly	pos-t-comp-f
208	张丽在比较三本书的页数。她觉得300页算是薄的书。A书200页。B书450页。C书150页。	哪本书页数最多？	B书	A书薄。	A书薄吗？	A书很薄。	A书比B书、C书薄。	A书不薄。但是，A书比B书、C书薄。	A书很薄。但是，A书不比B书、C书薄。	possibly	pos-t-comp-f
209	张涛在比较三个学生的年龄。他认为10岁算是小的学生。王林8岁。陈芳12岁。刘洋9岁。	哪个学生年龄最小？	王林	刘洋小。	刘洋小吗？	刘洋很小。	刘洋比陈芳、王林小。	刘洋不小。但是，刘洋比陈芳、王林小。	刘洋很小。但是，刘洋不比陈芳、王林小。	possibly	pos-t-comp-f
210	周敏在比较三个城市的温度。她觉得28度算是凉快的天气。广州35度。昆明20度。哈尔滨15度。	哪个城市温度最低？	哈尔滨	昆明凉快。	昆明凉快吗？	昆明很凉快。	昆明比广州、哈尔滨凉快。	昆明不凉快。但是，昆明比广州、哈尔滨凉快。	昆明很凉快。但是，昆明不比广州、哈尔滨凉快。	possibly	pos-t-comp-f
211	吴婷在比较三本书的页数。她认为200页算是厚的书。小说300页。诗集150页。散文250页。	哪本书页数最多？	小说	散文厚。	散文厚吗？	散文很厚。	散文比诗集、小说厚。	散文不厚。但是，散文比诗集、小说厚。	散文很厚。但是，散文不比诗集、小说厚。	possibly	pos-t-comp-f
212	张华在比较三个城市的温度。他认为25度算是凉爽的城市。广州30度。北京20度。上海23度。	哪个城市最凉爽？	北京	上海凉爽。	上海凉爽吗？	上海很凉爽。	上海比北京、上海凉爽。	上海不凉爽。但是，上海比北京、上海凉爽。	上海很凉爽。但是，上海不比北京、上海凉爽。	possibly	pos-t-comp-f
213	陈磊在比较三本书的页数。他觉得300页算是厚的书。A书250页。B书400页。C书350页。	哪本书最厚？	B书	C书厚。	C书厚吗？	C书很厚。	C书比A书、B书厚。	C书不厚。但是，C书比A书、B书厚。	C书很厚。但是，C书不比A书、B书厚。	possibly	pos-t-comp-f
214	刘芳在比较三个学生的年龄。她觉得15岁算是大的学生。张涛18岁。李娜14岁。王强16岁。	哪个学生年龄最大？	张涛	王强大。	王强大吗？	王强很大。	王强比李娜、张涛大。	王强不大。但是，王强比李娜、张涛大。	王强很大。但是，王强不比李娜、张涛大。	possibly	pos-t-comp-f
215	杨阳在比较三个手机的电量。他认为80%算是高的电量。华为50%。苹果90%。小米85%。	哪个手机电量最高？	苹果	小米高。	小米高吗？	小米很高。	小米比苹果、华为高。	小米不高。但是，小米比苹果、华为高。	小米很高。但是，小米不比苹果、华为高。	possibly	pos-t-comp-f
216	陈静在比较三个房间的面积。她觉得20平米算是大的房间。A房15平米。B房25平米。C房30平米。	哪个房间面积最大？	C房	B房大。	B房大吗？	B房很大。	B房比A房、C房大。	B房不大。但是，B房比A房、C房大。	B房很大。但是，B房不比A房、C房大。	possibly	pos-t-comp-f
217	黄伟在比较三个河流的长度。他认为2000公里算是长的河流。长江6300公里。黄河5464公里。淮河1000公里。	哪条河流最长？	长江	黄河长。	黄河长吗？	黄河很长。	黄河比淮河、长江长。	黄河不长。但是，黄河比淮河、长江长。	黄河很长。但是，黄河不比淮河、长江长。	possibly	pos-t-comp-f
218	周敏在比较三个电影的时长。她觉得2小时算是长的电影。X片1.5小时。Y片2.5小时。Z片3小时。	哪个电影时长最长？	Z片	Y片长。	Y片长吗？	Y片很长。	Y片比X片、Z片长。	Y片不长。但是，Y片比X片、Z片长。	Y片很长。但是，Y片不比X片、Z片长。	possibly	pos-t-comp-f
219	吴磊在比较三个动物的速度。他认为每小时50公里算是快的动物。猎豹120公里。乌龟3公里。兔子60公里。	哪个动物速度最快？	猎豹	兔子快。	兔子快吗？	兔子很快。	兔子比乌龟、猎豹快。	兔子不快。但是，兔子比乌龟、猎豹快。	兔子很快。但是，兔子不比乌龟、猎豹快。	possibly	pos-t-comp-f
220	小张在比较三个城市的温度。他认为25度算是热的城市。南京30度。北京20度。广州35度。	哪个城市最热？	广州	南京热。	南京热吗？	南京很热。	南京比北京、广州热。	南京不热。但是，南京比北京、广州热。	南京很热。但是，南京不比北京、广州热。	possibly	pos-t-comp-f
221	陈芳在比较三个手机的电池容量。她觉得4000毫安算是大的电池。A手机3500毫安。B手机4500毫安。C手机5000毫安。	哪个手机电池容量最大？	C手机	B手机大。	B手机大吗？	B手机很大。	B手机比A手机、C手机大。	B手机不大。但是，B手机比A手机、C手机大。	B手机很大。但是，B手机不比A手机、C手机大。	possibly	pos-t-comp-f
222	老刘在比较三个房间的面积。他认为20平米算是小的房间。客厅15平米。卧室25平米。厨房12平米。	哪个房间面积最小？	厨房	厨房小。	厨房小吗？	厨房很小。	厨房比卧室、客厅小。	厨房不小。但是，厨房比卧室、客厅小。	厨房很小。但是，厨房不比卧室、客厅小。	possibly	pos-t-comp-f
223	周涛在比较三个书包的重量。他觉得1公斤算是重的书包。蓝书包0.8公斤。红书包1.5公斤。黑书包1.2公斤。	哪个书包最重？	红书包	黑包重。	黑包重吗？	黑包很重。	黑包比红包、蓝包重。	黑包不重。但是，黑包比红包、蓝包重。	黑包很重。但是，黑包不比红包、蓝包重。	possibly	pos-t-comp-f
224	吴敏在比较三个水杯的容量。她觉得500毫升算是大的杯子。玻璃杯600毫升。塑料杯300毫升。陶瓷杯550毫升。	哪个杯子容量最大？	玻璃杯	陶瓷杯大。	陶瓷杯大吗？	陶瓷杯很大。	陶瓷杯比塑料杯、陶瓷杯大。	陶瓷杯不大。但是，陶瓷杯比塑料杯、陶瓷杯大。	陶瓷杯很大。但是，陶瓷杯不比塑料杯、陶瓷杯大。	possibly	pos-t-comp-f
225	赵强在比较三个学生的年龄。他认为12岁算是小的学生。小林14岁。小美10岁。小刚11岁。	哪个学生年龄最小？	小美	小刚小。	小刚小吗？	小刚很小。	小刚比小美、小林小。	小刚不小。但是，小刚比小美、小林小。	小刚很小。但是，小刚不比小美、小林小。	possibly	pos-t-comp-f
226	孙丽在比较三个水果的甜度。她觉得8度算是甜的水果。苹果6度。香蕉10度。橙子9度。	哪个水果最甜？	香蕉	橙子甜。	橙子甜吗？	橙子很甜。	橙子比香蕉、苹果甜。	橙子不甜。但是，橙子比香蕉、苹果甜。	橙子很甜。但是，橙子不比香蕉、苹果甜。	possibly	pos-t-comp-f
227	钱浩在比较三个河流的长度。他认为170公里算是短的河流。长江200公里。黄河80公里。珠江150公里。	哪条河流最短？	黄河	珠江短。	珠江短吗？	珠江很短。	珠江比黄河、长江短。	珠江不短。但是，珠江比黄河、长江短。	珠江很短。但是，珠江不比黄河、长江短。	possibly	pos-t-comp-f
228	周婷在比较三个电影的评分。她觉得7分算是低的电影。A电影6.8分。B电影6.3分。C电影8.1分。	哪个电影评分最高？	C电影	A电影低。	A电影低吗？	A电影很低。	A电影比B电影、C电影低。	A电影不低。但是，A电影比B电影、C电影低。	A电影很低。但是，A电影不比B电影、C电影低。	possibly	pos-t-comp-f
229	郑伟在比较三个灯泡的亮度。他认为130流明算是暗的灯泡。白灯120流明。黄灯90流明。蓝灯150流明。	哪个灯泡最亮？	蓝灯	白灯暗。	白灯暗吗？	白灯很暗。	白灯比黄灯、蓝灯暗。	白灯不暗。但是，白灯比黄灯、蓝灯暗。	白灯很暗。但是，白灯不比黄灯、蓝灯暗。	possibly	pos-t-comp-f
230	老陈在比较三个工厂的产量。他觉得500吨算是低的月产量。甲厂300吨。乙厂450吨。丙厂800吨。	哪个工厂产量最高？	丙厂	乙厂月产量低。	乙厂月产量低吗？	乙厂月产量很低。	乙厂月产量比乙厂、丙厂低。	乙厂月产量不低。但是，乙厂月产量比乙厂、丙厂低。	乙厂月产量很低。但是，乙厂月产量不比乙厂、丙厂低。	possibly	pos-t-comp-f
231	小何在比较三个软件的下载量。她觉得13万次算是少的下载量。X软件15万次。Y软件8万次。Z软件12万次。	哪个软件下载量最多？	X软件	Z软件下载量少。	Z软件下载量少吗？	Z软件下载量很少。	Z软件下载量比Y软件、X软件少。	Z软件下载量不少。但是，Z软件下载量比Y软件、X软件少。	Z软件下载量很少。但是，Z软件下载量不比Y软件、X软件少。	possibly	pos-t-comp-f
232	张姨在比较三个蛋糕的糖分。她觉得60克算是低糖的蛋糕。巧克力蛋糕70克。草莓蛋糕45克。奶油蛋糕55克。	哪个蛋糕糖分最高？	巧克力蛋糕	奶油蛋糕低。	奶油蛋糕低吗？	奶油蛋糕很低。	奶油蛋糕比巧克力蛋糕、草莓蛋糕低。	奶油蛋糕不低。但是，奶油蛋糕比巧克力蛋糕、草莓蛋糕低。	奶油蛋糕很低。但是，奶油蛋糕不比巧克力蛋糕、草莓蛋糕低。	possibly	pos-t-comp-f
233	王叔在比较三个鱼塘的深度。他认为2.5米算是浅的鱼塘。一号塘1.8米。二号塘3米。三号塘2米。	哪个鱼塘最浅？	一号塘	三号塘浅。	三号塘浅吗？	三号塘很浅。	三号塘比一号塘、二号塘浅。	三号塘不浅。但是，三号塘比一号塘、二号塘浅。	三号塘很浅。但是，三号塘不比一号塘、二号塘浅。	possibly	pos-t-comp-f
234	小林在比较三个快递的速度。她觉得3天算是慢的快递。顺丰2天。圆通5天。中通4天。	哪个快递最慢？	圆通	中通慢。	中通慢吗？	中通很慢。	中通比圆通、顺丰慢。	中通不慢。但是，中通比圆通、顺丰慢。	中通很慢。但是，中通不比圆通、顺丰慢。	possibly	pos-t-comp-f
235	张涛在比较三只狗的年龄。他认为3岁算是年轻的狗。小黑5岁。小白2岁。小花1岁。	哪只狗年龄最小？	小白	小白年轻。	小白年轻吗？	小白很年轻。	小白比小黑、小花年轻。	小白不年轻。但是，小白比小黑、小花年轻。	小白很年轻。但是，小白不比小黑、小花年轻。	possibly	pos-t-comp-f
236	陈芳在比较三本书的厚度。她觉得280页算是薄的书。A书150页。B书300页。C书250页。	哪本书最厚？	B书	C书薄。	C书薄吗？	C书很薄。	C书比A书、B书薄。	C书不薄。但是，C书比A书、B书薄。	C书很薄。但是，C书不比A书、B书薄。	possibly	pos-t-comp-f
237	刘强在比较三座山的海拔。他认为1500米算是高的山。泰山1545米。黄山1864米。庐山1474米。	哪座山最高？	黄山	泰山高。	泰山高吗？	泰山很高。	泰山比黄山、庐山高。	泰山不高。但是，泰山比黄山、庐山高。	泰山很高。但是，泰山不比黄山、庐山高。	possibly	pos-t-comp-f
238	周敏在比较三杯水的温度。她觉得30度算是烫的水。甲杯45度。乙杯25度。丙杯50度。	哪杯水温度最高？	丙杯	甲杯烫。	甲杯烫吗？	甲杯很烫。	甲杯比乙杯、丙杯烫。	甲杯不烫。但是，甲杯比乙杯、丙杯烫。	甲杯很烫。但是，甲杯不比乙杯、丙杯烫。	possibly	pos-t-comp-f
239	吴浩在比较三支笔的长度。他认为12厘米算是长的笔。蓝笔15厘米。红笔10厘米。黑笔18厘米。	哪支笔最长？	黑笔	蓝笔长。	蓝笔长吗？	蓝笔很长。	蓝笔比红笔、黑笔长。	蓝笔不长。但是，蓝笔比红笔、黑笔长。	蓝笔很长。但是，蓝笔不比红笔、黑笔长。	possibly	pos-t-comp-f
240	林琳在比较三间房的面积。她觉得20平米算是大的房间。101号25平米。102号18平米。103号30平米。	哪个房间面积最大？	103号	101号大。	101号大吗？	101号很大。	101号比102号、103号大。	101号不大。但是，101号比102号、103号大。	101号很大。但是，101号不比102号、103号大。	possibly	pos-t-comp-f
241	赵刚在比较三条鱼的重量。他认为1公斤算是重的鱼。青鱼0.8公斤。鲤鱼1.5公斤。草鱼1.2公斤。	哪条鱼最重？	鲤鱼	草鱼重。	草鱼重吗？	草鱼很重。	草鱼比鲤鱼、青鱼重。	草鱼不重。但是，草鱼比鲤鱼、青鱼重。	草鱼很重。但是，草鱼不比鲤鱼、青鱼重。	possibly	pos-t-comp-f
242	孙丽在比较三双鞋的价格。她觉得500元算是贵的鞋。运动鞋800元。皮鞋450元。凉鞋600元。	哪双鞋最贵？	运动鞋	凉鞋贵。	凉鞋贵吗？	凉鞋很贵。	凉鞋比皮鞋、运动鞋贵。	凉鞋不贵。但是，凉鞋比皮鞋、运动鞋贵。	凉鞋很贵。但是，凉鞋不比皮鞋、运动鞋贵。	possibly	pos-t-comp-f
243	王芳在比较三棵树的树龄。她觉得10年算是老的树。松树25年。杨树8年。柳树15年。	哪棵树树龄最大？	松树	柳树老。	柳树老吗？	柳树很老。	柳树比杨树、松树老。	柳树不老。但是，柳树比杨树、松树老。	柳树很老。但是，柳树不比杨树、松树老。	possibly	pos-t-comp-f
244	陈明在比较三台手机的电量。他认为70%算是高电量。A手机95%。B手机75%。C手机60%。	哪台手机电量最高？	A手机	B手机电量高。	B手机电量高吗？	B手机电量很高。	B手机电量比A手机、C手机高。	B手机电量不高。但是，B手机电量比A手机、C手机高。	B手机电量很高。但是，B手机电量不比A手机、C手机高。	possibly	pos-t-comp-f
245	李娜在比较三件衣服的尺寸。她觉得M码算是大的衣服。外套L码。T恤S码。裙子XL码。	哪件衣服尺码最大？	裙子	外套大。	外套大吗？	外套很大。	外套比裙子、T恤大。	外套不大。但是，外套比裙子、T恤大。	外套很大。但是，外套不比裙子、T恤大。	possibly	pos-t-comp-f
246	周杰在比较三场电影的时长。他认为90分钟算是长的电影。动作片120分钟。爱情片85分钟。科幻片150分钟。	哪场电影时长最长？	科幻片	动作片长。	动作片长吗？	动作片很长。	动作片比爱情片、科幻片长。	动作片不长。但是，动作片比爱情片、科幻片长。	动作片很长。但是，动作片不比爱情片、科幻片长。	possibly	pos-t-comp-f
247	吴婷在比较三碗面的分量。她觉得300克算是多的面。牛肉面350克。素面280克。海鲜面400克。	哪碗面分量最多？	海鲜面	牛肉面多。	牛肉面多吗？	牛肉面很多。	牛肉面比素面、海鲜面多。	牛肉面不多。但是，牛肉面比素面、海鲜面多。	牛肉面很多。但是，牛肉面不比素面、海鲜面多。	possibly	pos-t-comp-f
248	郑伟在比较三把椅子的承重。他认为100公斤算是强的承重。木椅120公斤。塑料椅90公斤。铁椅150公斤。	哪把椅子承重最大？	铁椅	木椅强。	木椅强吗？	木椅很强。	木椅比塑料椅、铁椅强。	木椅不强。但是，木椅比塑料椅、铁椅强。	木椅很强。但是，木椅不比塑料椅、铁椅强。	possibly	pos-t-comp-f
249	徐静在比较三瓶饮料的甜度。她觉得5%糖分算是高糖的。橙汁7%。绿茶3%。可乐10%。	哪瓶饮料最甜？	可乐	橙汁甜。	橙汁甜吗？	橙汁很甜。	橙汁比绿茶、可乐甜。	橙汁不甜。但是，橙汁比绿茶、可乐甜。	橙汁很甜。但是，橙汁不比绿茶、可乐甜。	possibly	pos-t-comp-f
250	黄磊在比较三台电脑的速度。他认为4秒开机算是快的电脑。A电脑3秒。B电脑2秒。C电脑6秒。	哪台电脑开机速度最快？	A电脑	A电脑快。	A电脑快吗？	A电脑很快。	A电脑比B电脑、C电脑快。	A电脑不快。但是，A电脑比B电脑、C电脑快。	A电脑很快。但是，A电脑不比B电脑、C电脑快。	possibly	pos-t-comp-f
251	何娟在比较三盆植物的高度。她觉得50厘米算是高的植物。绿萝60厘米。多肉30厘米。龟背竹80厘米。	哪盆植物最高？	龟背竹	绿箩高。	绿箩高吗？	绿箩很高。	绿箩比多肉、龟背竹高。	绿箩不高。但是，绿箩比多肉、龟背竹高。	绿箩很高。但是，绿箩不比多肉、龟背竹高。	possibly	pos-t-comp-f
252	马超在比较三支球队的积分。他认为20分算是多的积分。甲队25分。乙队18分。丙队30分。	哪支球队积分最高？	丙队	甲队多。	甲队多吗？	甲队很多。	甲队比乙队、丙队多。	甲队不多。但是，甲队比乙队、丙队多。	甲队很多。但是，甲队不比乙队、丙队多。	possibly	pos-t-comp-f
253	朱琳在比较三款相机的像素。她觉得2000万算是高的像素。X相机2400万。Y相机1800万。Z相机3000万。	哪款相机像素最高？	Z相机	X相机高。	X相机高吗？	X相机很高。	X相机比Y相机、Z相机高。	X相机不高。但是，X相机比Y相机、Z相机高。	X相机很高。但是，X相机不比Y相机、Z相机高。	possibly	pos-t-comp-f
254	郭强在比较三条河流的长度。他认为2000公里算是长的河。长江6300公里。黄河5464公里。淮河1000公里。	哪条河流最长？	长江	黄河长。	黄河长吗？	黄河很长。	黄河比淮河、长江长。	黄河不长。但是，黄河比淮河、长江长。	黄河很长。但是，黄河不比淮河、长江长。	possibly	pos-t-comp-f
255	唐敏在比较三款口红的颜色深度。她觉得3度算是深的颜色。1号色2度。2号色4度。3号色6度。	哪款口红颜色最深？	2号色	2号色深。	2号色深吗？	2号色很深。	2号色比1号色、3号色深。	2号色不深。但是，2号色比1号色、3号色深。	2号色很深。但是，2号色不比1号色、3号色深。	possibly	pos-t-comp-f
256	宋杰在比较三辆自行车的速度。他认为20km/h算是快的车。A车25km/h。B车18km/h。C车30km/h。	哪辆自行车速度最快？	C车	A车快。	A车快吗？	A车很快。	A车比B车、C车快。	A车不快。但是，A车比B车、C车快。	A车很快。但是，A车不比B车、C车快。	possibly	pos-t-comp-f
257	韩雪在比较三间图书馆的藏书量。她觉得10万册算是多的。东馆15万册。南馆8万册。西馆20万册。	哪间图书馆藏书量最多？	西馆	东馆多。	东馆多吗？	东馆很多。	东馆比南馆、西馆多。	东馆不多。但是，东馆比南馆、西馆多。	东馆很多。但是，东馆不比南馆、西馆多。	possibly	pos-t-comp-f
258	董浩在比较三款灯泡的亮度。他认为100瓦算是亮的灯泡。白灯120瓦。黄灯90瓦。LED灯150瓦。	哪个灯泡最亮？	LED灯	白灯亮。	白灯亮吗？	白灯很亮。	白灯比黄灯、LED灯亮。	白灯不亮。但是，白灯比黄灯、LED灯亮。	白灯很亮。但是，白灯不比黄灯、LED灯亮。	possibly	pos-t-comp-f
259	许晴在比较三块手表的精度。她觉得每日±5秒算是高精度。A表±3秒。B表±6秒。C表±2秒。	哪块手表精度最高？	C表	A表准。	A表准吗？	A表很准。	A表比B表、C表准。	A表不准。但是，A表比B表、C表准。	A表很准。但是，A表不比B表、C表准。	possibly	pos-t-comp-f
260	吕伟在比较三把伞的直径。他认为90厘米算是大的伞。黑伞100厘米。蓝伞85厘米。红伞110厘米。	哪把伞最大？	红伞	黑伞大。	黑伞大吗？	黑伞很大。	黑伞比蓝伞、红伞大。	黑伞不大。但是，黑伞比蓝伞、红伞大。	黑伞很大。但是，黑伞不比蓝伞、红伞大。	possibly	pos-t-comp-f
261	丁兰在比较三款洗发水的容量。她觉得400毫升算是多的。柔顺款350毫升。去屑款450毫升。修复款500毫升。	哪款洗发水容量最多？	修复款	去屑款多。	去屑款多吗？	去屑款很多。	去屑款比去屑款、修复款多。	去屑款不多。但是，去屑款比去屑款、修复款多。	去屑款很多。但是，去屑款不比去屑款、修复款多。	possibly	pos-t-comp-f
262	陆峰在比较三栋楼的层数。他认为15层算是高的楼。A栋20层。B栋12层。C栋25层。	哪栋楼层数最多？	C栋	A栋高。	A栋高吗？	A栋很高。	A栋比B栋、C栋高。	A栋不高。但是，A栋比B栋、C栋高。	A栋很高。但是，A栋不比B栋、C栋高。	possibly	pos-t-comp-f
263	姜华在比较三台空调的耗电量。她觉得1度/小时算是省电的。节能型0.8度。标准型0.5度。强力型1.5度。	哪台空调最省电？	节能型	节能型省电。	节能型省电吗？	节能型很省电。	节能型比标准型、强力型省电。	节能型不省电。但是，节能型比标准型、强力型省电。	节能型很省电。但是，节能型不比标准型、强力型省电。	possibly	pos-t-comp-f
264	谢娜在比较三款背包的容量。他认为30升算是大的背包。登山包40升。日常包25升。旅行包50升。	哪个背包容量最大？	旅行包	登山包大。	登山包大吗？	登山包很大。	登山包比日常包、旅行包大。	登山包不大。但是，登山包比日常包、旅行包大。	登山包很大。但是，登山包不比日常包、旅行包大。	possibly	pos-t-comp-f
265	张涛在比较三本书的页数。他认为300页算是大的书。A书400页。B书250页。C书350页。	哪本书页数最多？	A书	C书大。	C书大吗？	C书很大。	C书比B书、A书大。	C书不大。但是，C书比B书、A书大。	C书很大。但是，C书不比B书、A书大。	possibly	pos-t-comp-f
266	张伟在比较三只狗的速度。他认为每小时30公里算是快的狗。阿黄45公里。小黑35公里。小白20公里。	哪只狗速度最快？	小黑	小黑快。	小黑快吗？	小黑很快。	小黑比小白、阿黄快。	小黑不快。但是，小黑比小白、阿黄快。	小黑很快。但是，小黑不比小白、阿黄快。	possibly	pos-t-comp-f
267	刘芳在比较三本书的页数。她觉得200页算是长的书。A书250页。B书400页。C书180页。	哪本书页数最多？	B书	A书长。	A书长吗？	A书很长。	A书比B书、C书长。	A书不长。但是，A书比B书、C书长。	A书很长。但是，A书不比B书、C书长。	possibly	pos-t-comp-f
268	陈强在比较三座山的高度。他认为2000米算是高的山。青山1800米。黄山2200米。蓝山2100米。	哪座山最高？	黄山	蓝山高。	蓝山高吗？	蓝山很高。	蓝山比黄山、青山高。	蓝山不高。但是，蓝山比黄山、青山高。	蓝山很高。但是，蓝山不比黄山、青山高。	possibly	pos-t-comp-f
269	周敏在比较三杯咖啡的温度。她觉得72度算是烫的咖啡。美式75度。拿铁85度。摩卡70度。	哪杯咖啡温度最高？	拿铁	美式烫。	美式烫吗？	美式很烫。	美式比拿铁、摩卡烫。	美式不烫。但是，美式比拿铁、摩卡烫。	美式很烫。但是，美式不比拿铁、摩卡烫。	possibly	pos-t-comp-f
270	吴磊在比较三条河流的长度。他认为400公里算是长的河。长江630公里。黄河550公里。淮河320公里。	哪条河流最长？	长江	黄河长。	黄河长吗？	黄河很长。	黄河比淮河、长江长。	黄河不长。但是，黄河比淮河、长江长。	黄河很长。但是，黄河不比淮河、长江长。	possibly	pos-t-comp-f
271	林婷在比较三支铅笔的价格。她觉得5元算是贵的铅笔。红笔3元。蓝笔6元。绿笔7元。	哪支铅笔最贵？	蓝笔	蓝笔贵。	蓝笔贵吗？	蓝笔很贵。	蓝笔比绿笔、蓝笔贵。	蓝笔不贵。但是，蓝笔比绿笔、蓝笔贵。	蓝笔很贵。但是，蓝笔不比绿笔、蓝笔贵。	possibly	pos-t-comp-f
272	赵刚在比较三场电影的时长。他觉得2小时算是长的电影。动作片1.5小时。爱情片2.3小时。喜剧片2.8小时。	哪场电影时长最长？	爱情片	爱情片长。	爱情片长吗？	爱情片很长。	爱情片比动作片、喜剧片长。	爱情片不长。但是，爱情片比动作片、喜剧片长。	爱情片很长。但是，爱情片不比动作片、喜剧片长。	possibly	pos-t-comp-f
273	孙莉在比较三款手机的重量。她觉得200克算是重的手机。X机180克。Y机210克。Z机295克。	哪款手机最重？	Y机	Y机重。	Y机重吗？	Y机很重。	Y机比X机、Z机重。	Y机不重。但是，Y机比X机、Z机重。	Y机很重。但是，Y机不比X机、Z机重。	possibly	pos-t-comp-f
274	王浩在比较三棵树的年龄。他认为50年算是老的树。松树40年。槐树60年。柳树55年。	哪棵树年龄最大？	槐树	柳树老。	柳树老吗？	柳树很老。	柳树比槐树、松树老。	柳树不老。但是，柳树比槐树、松树老。	柳树很老。但是，柳树不比槐树、松树老。	possibly	pos-t-comp-f
275	黄娟在比较三双鞋的尺码。她觉得40码算是大的鞋。运动鞋45码。皮鞋41码。凉鞋39码。	哪双鞋尺码最大？	皮鞋	皮鞋大。	皮鞋大吗？	皮鞋很大。	皮鞋比凉鞋、运动鞋大。	皮鞋不大。但是，皮鞋比凉鞋、运动鞋大。	皮鞋很大。但是，皮鞋不比凉鞋、运动鞋大。	possibly	pos-t-comp-f
276	徐峰在比较三只猫的体重。他认为5公斤算是重的猫。花猫5.2公斤。黑猫5.5公斤。白猫4.8公斤。	哪只猫最重？	黑猫	花猫重。	花猫重吗？	花猫很重。	花猫比黑猫、白猫重。	花猫不重。但是，花猫比黑猫、白猫重。	花猫很重。但是，花猫不比黑猫、白猫重。	possibly	pos-t-comp-f
277	郑雪在比较三栋楼的层数。她觉得20层算是高的楼。A楼28层。B楼25层。C楼15层。	哪栋楼层数最多？	B楼	B楼高。	B楼高吗？	B楼很高。	B楼比A楼、C楼高。	B楼不高。但是，B楼比A楼、C楼高。	B楼很高。但是，B楼不比A楼、C楼高。	possibly	pos-t-comp-f
278	马强在比较三碗面的辣度。他觉得3颗辣椒算是辣的面。牛肉面4颗。酸辣面5颗。鸡蛋面1颗。	哪碗面最辣？	酸辣面	牛肉面辣。	牛肉面辣吗？	牛肉面很辣。	牛肉面比酸辣面、鸡蛋面辣。	牛肉面不辣。但是，牛肉面比酸辣面、鸡蛋面辣。	牛肉面很辣。但是，牛肉面不比酸辣面、鸡蛋面辣。	possibly	pos-t-comp-f
279	何静在比较三件羽绒服的保暖度。她觉得能抗住零下10度算是保暖的羽绒服。红款零下5度。蓝款零下15度。黄款零下12度。	哪件羽绒服最暖？	蓝款	黄款保暖。	黄款保暖吗？	黄款很保暖。	黄款比蓝款、红款保暖。	黄款不保暖。但是，黄款比蓝款、红款保暖。	黄款很保暖。但是，黄款不比蓝款、红款保暖。	possibly	pos-t-comp-f
280	郭涛在比较三台电脑的耗电量。他认为70瓦算是费电的电脑。台式机120瓦。笔记本80瓦。平板60瓦。	哪台电脑最费电？	台式机	笔记本费电。	笔记本费电吗？	笔记本很费电。	笔记本比笔记本、平板费电。	笔记本不费电。但是，笔记本比笔记本、平板费电。	笔记本很费电。但是，笔记本不比笔记本、平板费电。	possibly	pos-t-comp-f
281	谢琳在比较三款包的容量。她觉得10升算是大的包。手提包8升。双肩包12升。斜挎包15升。	哪个包容量最大？	双肩包	双肩包大。	双肩包大吗？	双肩包很大。	双肩包比肩包、挎包大。	双肩包不大。但是，双肩包比肩包、挎包大。	双肩包很大。但是，双肩包不比肩包、挎包大。	possibly	pos-t-comp-f
282	方明在比较三把椅子的承重。他认为135公斤算是结实的椅子。木椅130公斤。铁椅160公斤。塑料椅140公斤。	哪把椅子最结实？	铁椅	塑料椅结实。	塑料椅结实吗？	塑料椅很结实。	塑料椅比铁椅、塑料椅结实。	塑料椅不结实。但是，塑料椅比铁椅、塑料椅结实。	塑料椅很结实。但是，塑料椅不比铁椅、塑料椅结实。	possibly	pos-t-comp-f
283	程红在比较三盆植物的高度。她觉得1米算是高的植物。多肉0.3米。绿萝1.5米。龟背竹1.2米。	哪盆植物最高？	龟背竹	龟背竹高。	龟背竹高吗？	龟背竹很高。	龟背竹比绿萝、多肉高。	龟背竹不高。但是，龟背竹比绿萝、多肉高。	龟背竹很高。但是，龟背竹不比绿萝、多肉高。	possibly	pos-t-comp-f
284	吕杰在比较三款耳机的音量。他觉得90分贝算是响的耳机。A款85分贝。B款95分贝。C款98分贝。	哪款耳机音量最大？	B款	B款响。	B款响吗？	B款很响。	B款比A款、C款响。	B款不响。但是，B款比A款、C款响。	B款很响。但是，B款不比A款、C款响。	possibly	pos-t-comp-f
285	丁兰在比较三块电池的续航。她觉得24小时算是耐用的电池。甲电池20小时。乙电池26小时。丙电池28小时。	哪块电池续航最长？	乙电池	乙电池耐用。	乙电池耐用吗？	乙电池很耐用。	乙电池比甲电池、丙电池耐用。	乙电池不耐用。但是，乙电池比甲电池、丙电池耐用。	乙电池很耐用。但是，乙电池不比甲电池、丙电池耐用。	possibly	pos-t-comp-f
286	陆飞在比较三把刀的锋利度。他认为能切5层纸算是锋利的刀。水果刀3层。菜刀7层。美工刀9层。	哪把刀最锋利？	菜刀	菜刀锋利。	菜刀锋利吗？	菜刀很锋利。	菜刀比菜刀、工刀锋利。	菜刀不锋利。但是，菜刀比菜刀、工刀锋利。	菜刀很锋利。但是，菜刀不比菜刀、工刀锋利。	possibly	pos-t-comp-f
287	张涛在比较三个学生的年龄。他觉得15岁算是大的学生。李华12岁。张伟18岁。王芳16岁。	哪个学生年龄最大？	张伟	王芳大。	王芳大吗？	王芳很大。	王芳比张伟、李华大。	王芳不大。但是，王芳比张伟、李华大。	王芳很大。但是，王芳不比张伟、李华大。	possibly	pos-t-comp-f
288	陈敏在比较三只动物的速度。她觉得60公里每小时算是快的动物。猎豹70公里每小时。乌龟50公里每小时。兔子65公里每小时。	哪个动物速度最快？	猎豹	兔子快。	兔子快吗？	兔子很快。	兔子比乌龟、猎豹快。	兔子不快。但是，兔子比乌龟、猎豹快。	兔子很快。但是，兔子不比乌龟、猎豹快。	possibly	pos-t-comp-f
289	刘芳在比较三个城市的温度。她觉得30摄氏度算是热的城市。香港35度。北京38度。上海25度。	哪个城市最热？	香港	香港热。	香港热吗？	香港很热。	香港比北京、上海热。	香港不热。但是，香港比北京、上海热。	香港很热。但是，香港不比北京、上海热。	possibly	pos-t-comp-f
290	周强在比较三条河流的长度。他觉得500米算是长的河流。长江600米。黄河400米。珠江550米。	哪条河流最长？	长江	珠江长。	珠江长吗？	珠江很长。	珠江比黄河、长江长。	珠江不长。但是，珠江比黄河、长江长。	珠江很长。但是，珠江不比黄河、长江长。	possibly	pos-t-comp-f
291	吴莉在比较三个国家的面积。她觉得70万平方公里算是大的国家。甲国100万。乙国50万。丙国80万。	哪个国家面积最大？	甲国	丙国大。	丙国大吗？	丙国很大。	丙国比甲国、乙国大。	丙国不大。但是，丙国比甲国、乙国大。	丙国很大。但是，丙国不比甲国、乙国大。	possibly	pos-t-comp-f
292	郑浩在比较三个瓶子的体积。他觉得1升算是大的瓶子。蓝瓶1.5升。绿瓶0.8升。紫瓶2.5升。	哪个瓶子体积最大？	红瓶	蓝瓶大。	蓝瓶大吗？	蓝瓶很大。	蓝瓶比绿瓶、紫瓶大。	蓝瓶不大。但是，蓝瓶比绿瓶、紫瓶大。	蓝瓶很大。但是，蓝瓶不比绿瓶、紫瓶大。	possibly	pos-t-comp-f
293	孙雨在比较三个书包的重量。她觉得5公斤算是重的书包。A书包6公斤。B书包7公斤。C书包3公斤。	哪个书包最重？	A书包	A书包重。	A书包重吗？	A书包很重。	A书包比B书包、C书包重。	A书包不重。但是，A书包比B书包、C书包重。	A书包很重。但是，A书包不比B书包、C书包重。	possibly	pos-t-comp-f
294	赵刚在比较三部电影的时长。他觉得2小时算是长的电影。X电影2.5小时。Y电影1.5小时。Z电影2.8小时。	哪部电影时长最长？	X电影	X电影长。	X电影长吗？	X电影很长。	X电影比Y电影、Z电影长。	X电影不长。但是，X电影比Y电影、Z电影长。	X电影很长。但是，X电影不比Y电影、Z电影长。	possibly	pos-t-comp-f
295	杨雪在比较三次考试的分数。她觉得90分算是高的分数。小明95分。小红85分。小刚98分。	哪次考试分数最高？	小明	小明高。	小明高吗？	小明很高。	小明比小红、小刚高。	小明不高。但是，小明比小红、小刚高。	小明很高。但是，小明不比小红、小刚高。	possibly	pos-t-comp-f
296	徐磊在比较三个杯子的容量。他觉得300毫升算是大的杯子。X杯400毫升。Y杯350毫升。Z杯200毫升。	哪个杯子容量最大？	甲杯	Y杯大。	Y杯大吗？	Y杯很大。	Y杯比X杯、Z杯大。	Y杯不大。但是，Y杯比X杯、Z杯大。	Y杯很大。但是，Y杯不比X杯、Z杯大。	possibly	pos-t-comp-f
297	何婷在比较三个人的跑步距离。她觉得10公里算是远的距离。甲跑了15公里。乙跑了8公里。丙跑了17公里。	哪个人跑步最远？	丙	甲远。	甲远吗？	甲很远。	甲比乙、丙远。	甲不远。但是，甲比乙、丙远。	甲很远。但是，甲不比乙、丙远。	possibly	pos-t-comp-f
298	黄伟在比较三个灯泡的亮度。她觉得1000流明算是亮的灯泡。A灯1200流明。B灯1500流明。C灯900流明。	哪个灯泡最亮？	A灯	A灯亮。	A灯亮吗？	A灯很亮。	A灯比B灯、C灯亮。	A灯不亮。但是，A灯比B灯、C灯亮。	A灯很亮。但是，A灯不比B灯、C灯亮。	possibly	pos-t-comp-f
299	林娜在比较三个地方的书籍数量。她觉得50本算是多的书籍。图书馆100本。书店30本。学校60本。	哪个地方书最多？	图书馆	学校书籍多。	学校书籍多吗？	学校书籍很多。	学校书籍比书店、学校多。	学校书籍不多。但是，学校书籍比书店、学校多。	学校书籍很多。但是，学校书籍不比书店、学校多。	possibly	pos-t-comp-f
300	张涛在比较三座城市的气温。他认为38度算是热的城市。北京30度。上海28度。广州35度。	哪个城市最热？	广州	这三个城市里，广州热。	这三个城市里，广州热吗？	这三个城市里，广州很热。	这三个城市里，广州比上海、北京热。	这三个城市里，广州不热。但是，这三个城市里，广州比上海、北京热。	这三个城市里，广州很热。但是，这三个城市里，广州不比上海、北京热。	possibly	pos-f-comp-t
301	陈芳在比较三本书的页数。她觉得350页算是厚的书。A书150页。B书300页。C书180页。	哪本书最厚？	B书	这三本书里，B书厚。	这三本书里，B书厚吗？	这三本书里，B书很厚。	这三本书里，B书比A书、C书厚。	这三本书里，B书不厚。但是，这三本书里，B书比A书、C书厚。	这三本书里，B书很厚。但是，这三本书里，B书不比A书、C书厚。	possibly	pos-f-comp-t
302	吴磊在比较三款手机的电池容量。他觉得5500毫安算是大容量的手机。X型号3800毫安。Y型号4500毫安。Z型号5000毫安。	哪款手机电池容量最大？	Z型号	这三部手机中，Z型号大。	这三部手机中，Z型号大吗？	这三部手机中，Z型号很大。	这三部手机中，Z型号比X型号、Y型号大。	这三部手机中，Z型号不大。但是，这三部手机中，Z型号比X型号、Y型号大。	这三部手机中，Z型号很大。但是，这三部手机中，Z型号不比X型号、Y型号大。	possibly	pos-f-comp-t
303	陈芳在比较三座山峰的海拔。她觉得8000米算是高的山峰。泰山1545米。华山2154米。贡嘎山7556米。	哪座山峰最高？	贡嘎山	这三座山峰里，贡嘎山高。	这三座山峰里，贡嘎山高吗？	这三座山峰里，贡嘎山很高。	这三座山峰里，贡嘎山比华山、泰山高。	这三座山峰里，贡嘎山不高。但是，这三座山峰里，贡嘎山比华山、泰山高。	这三座山峰里，贡嘎山很高。但是，这三座山峰里，贡嘎山不比华山、泰山高。	possibly	pos-f-comp-t
304	刘强在比较三款手机的续航时间。他认为20小时算是持久的机型。X型号8小时。Y型号18小时。Z型号15小时。	哪款手机续航时间最长？	Y型号	这三款手机里，Y型号久。	这三款手机里，Y型号久吗？	这三款手机里，Y型号很久。	这三款手机里，Y型号比X型号、Z型号久。	这三款手机里，Y型号不久。但是，这三款手机里，Y型号比X型号、Z型号久。	这三款手机里，Y型号很久。但是，这三款手机里，Y型号不比X型号、Z型号久。	possibly	pos-f-comp-t
305	周婷在比较三家餐厅的评分。她觉得5分算是优质的餐厅。A店3.8分。B店4.5分。C店4.2分。	哪家餐厅评分最高？	B店	这三家餐厅里，B店优。	这三家餐厅里，B店优吗？	这三家餐厅里，B店很优。	这三家餐厅里，B店比A店、C店优。	这三家餐厅里，B店不优。但是，这三家餐厅里，B店比A店、C店优。	这三家餐厅里，B店很优。但是，这三家餐厅里，B店不比A店、C店优。	possibly	pos-f-comp-t
306	刘芳在比较三座城市的气温。她认为55度算是热的天气。甲市30度。乙市18度。丙市22度。	哪个城市最热？	甲市	这三座城市里，甲市热。	这三座城市里，甲市热吗？	这三座城市里，甲市很热。	这三座城市里，甲市比乙市、丙市热。	这三座城市里，甲市不热。但是，这三座城市里，甲市比乙市、丙市热。	这三座城市里，甲市很热。但是，这三座城市里，甲市不比乙市、丙市热。	possibly	pos-f-comp-t
307	陈涛在比较三只狗的年龄。他认为10岁算是老的狗。小黑3岁。小白7岁。小黄6岁。	哪只狗年龄最大？	小白	这三只狗里，小白老。	这三只狗里，小白老吗？	这三只狗里，小白很老。	这三只狗里，小白比小黄、小黑老。	这三只狗里，小白不老。但是，这三只狗里，小白比小黄、小黑老。	这三只狗里，小白很老。但是，这三只狗里，小白不比小黄、小黑老。	possibly	pos-f-comp-t
308	张丽在比较三本书的页数。她觉得150页算是薄的书。A书200页。B书450页。C书350页。	哪本书页数最多？	B书	这三本书里，A书薄。	这三本书里，A书薄吗？	这三本书里，A书很薄。	这三本书里，A书比B书、C书薄。	这三本书里，A书不薄。但是，这三本书里，A书比B书、C书薄。	这三本书里，A书很薄。但是，这三本书里，A书不比B书、C书薄。	possibly	pos-f-comp-t
309	张涛在比较三个学生的年龄。他认为7岁算是小的学生。王林8岁。陈芳12岁。刘洋9岁。	哪个学生年龄最小？	王林	这三个学生里，王林小。	这三个学生里，王林小吗？	这三个学生里，王林很小。	这三个学生里，王林比陈芳、刘洋小。	这三个学生里，王林不小。但是，这三个学生里，王林比陈芳、刘洋小。	这三个学生里，王林很小。但是，这三个学生里，王林不比陈芳、刘洋小。	possibly	pos-f-comp-t
310	周敏在比较三个城市的温度。她觉得13度算是凉快的天气。广州35度。昆明20度。哈尔滨15度。	哪个城市温度最低？	哈尔滨	这三个城市里，哈尔滨凉快。	这三个城市里，哈尔滨凉快吗？	这三个城市里，哈尔滨很凉快。	这三个城市里，哈尔滨比昆明、广州凉快。	这三个城市里，哈尔滨不凉快。但是，这三个城市里，哈尔滨比昆明、广州凉快。	这三个城市里，哈尔滨很凉快。但是，这三个城市里，哈尔滨不比昆明、广州凉快。	possibly	pos-f-comp-t
311	吴婷在比较三本书的页数。她认为400页算是厚的书。小说300页。诗集150页。散文250页。	哪本书页数最多？	小说	这三本书中，小说厚。	这三本书中，小说厚吗？	这三本书中，小说很厚。	这三本书中，小说比诗集、散文厚。	这三本书中，小说不厚。但是，这三本书中，小说比诗集、散文厚。	这三本书中，小说很厚。但是，这三本书中，小说不比诗集、散文厚。	possibly	pos-f-comp-t
312	张华在比较三个城市的温度。他认为18度算是凉爽的城市。广州30度。北京20度。上海28度。	哪个城市最凉爽？	北京	这三个城市中，北京凉爽。	这三个城市中，北京凉爽吗？	这三个城市中，北京很凉爽。	这三个城市中，北京比广州、上海凉爽。	这三个城市中，北京不凉爽。但是，这三个城市中，北京比广州、上海凉爽。	这三个城市中，北京很凉爽。但是，这三个城市中，北京不比广州、上海凉爽。	possibly	pos-f-comp-t
313	陈磊在比较三本书的页数。他觉得450页算是厚的书。A书250页。B书400页。C书350页。	哪本书最厚？	B书	这三本书里，B书厚。	这三本书里，B书厚吗？	这三本书里，B书很厚。	这三本书里，B书比A书、C书厚。	这三本书里，B书不厚。但是，这三本书里，B书比A书、C书厚。	这三本书里，B书很厚。但是，这三本书里，B书不比A书、C书厚。	possibly	pos-f-comp-t
314	刘芳在比较三个学生的年龄。她觉得20岁算是大的学生。张涛18岁。李娜14岁。王强16岁。	哪个学生年龄最大？	张涛	这三个学生中，张涛大。	这三个学生中，张涛大吗？	这三个学生中，张涛很大。	这三个学生中，张涛比李娜、王强大。	这三个学生中，张涛不大。但是，这三个学生中，张涛比李娜、王强大。	这三个学生中，张涛很大。但是，这三个学生中，张涛不比李娜、王强大。	possibly	pos-f-comp-t
315	杨阳在比较三个手机的电量。他认为95%算是高的电量。华为50%。苹果90%。小米75%。	哪个手机电量最高？	苹果	这三个手机里，苹果高。	这三个手机里，苹果高吗？	这三个手机里，苹果很高。	这三个手机里，苹果比小米、华为高。	这三个手机里，苹果不高。但是，这三个手机里，苹果比小米、华为高。	这三个手机里，苹果很高。但是，这三个手机里，苹果不比小米、华为高。	possibly	pos-f-comp-t
316	陈静在比较三个房间的面积。她觉得35平米算是大的房间。A房15平米。B房25平米。C房30平米。	哪个房间面积最大？	C房	这三个房间里，C房大。	这三个房间里，C房大吗？	这三个房间里，C房很大。	这三个房间里，C房比A房、B房大。	这三个房间里，C房不大。但是，这三个房间里，C房比A房、B房大。	这三个房间里，C房很大。但是，这三个房间里，C房不比A房、B房大。	possibly	pos-f-comp-t
317	黄伟在比较三个河流的长度。他认为6500公里算是长的河流。长江6300公里。黄河5464公里。淮河1000公里。	哪条河流最长？	长江	这三个河流里，长江长。	这三个河流里，长江长吗？	这三个河流里，长江很长。	这三个河流里，长江比黄河、淮河长。	这三个河流里，长江不长。但是，这三个河流里，长江比黄河、淮河长。	这三个河流里，长江很长。但是，这三个河流里，长江不比黄河、淮河长。	possibly	pos-f-comp-t
318	周敏在比较三个电影的时长。她觉得3.5小时算是长的电影。X片1.5小时。Y片2.5小时。Z片3小时。	哪个电影时长最长？	Z片	这三个电影中，Z片长。	这三个电影中，Z片长吗？	这三个电影中，Z片很长。	这三个电影中，Z片比X片、Y片长。	这三个电影中，Z片不长。但是，这三个电影中，Z片比X片、Y片长。	这三个电影中，Z片很长。但是，这三个电影中，Z片不比X片、Y片长。	possibly	pos-f-comp-t
319	吴磊在比较三个动物的速度。他认为每小时150公里算是快的动物。猎豹120公里。乌龟3公里。兔子60公里。	哪个动物速度最快？	猎豹	这三个动物中，猎豹快。	这三个动物中，猎豹快吗？	这三个动物中，猎豹很快。	这三个动物中，猎豹比乌龟、兔子快。	这三个动物中，猎豹不快。但是，这三个动物中，猎豹比乌龟、兔子快。	这三个动物中，猎豹很快。但是，这三个动物中，猎豹不比乌龟、兔子快。	possibly	pos-f-comp-t
320	小张在比较三个城市的温度。他认为38度算是热的城市。南京30度。北京20度。广州35度。	哪个城市最热？	广州	这三个城市里，广州热。	这三个城市里，广州热吗？	这三个城市里，广州很热。	这三个城市里，广州比北京、南京热。	这三个城市里，广州不热。但是，这三个城市里，广州比北京、南京热。	这三个城市里，广州很热。但是，这三个城市里，广州不比北京、南京热。	possibly	pos-f-comp-t
321	陈芳在比较三个手机的电池容量。她觉得5400毫安算是大的电池。A手机3500毫安。B手机4500毫安。C手机5000毫安。	哪个手机电池容量最大？	C手机	这三个手机中，C手机大。	这三个手机中，C手机大吗？	这三个手机中，C手机很大。	这三个手机中，C手机比A手机、B手机大。	这三个手机中，C手机不大。但是，这三个手机中，C手机比A手机、B手机大。	这三个手机中，C手机很大。但是，这三个手机中，C手机不比A手机、B手机大。	possibly	pos-f-comp-t
322	老刘在比较三个房间的面积。他认为10平米算是小的房间。客厅15平米。卧室25平米。厨房12平米。	哪个房间面积最小？	厨房	这三个房间里，厨房小。	这三个房间里，厨房小吗？	这三个房间里，厨房很小。	这三个房间里，厨房比卧室、客厅小。	这三个房间里，厨房不小。但是，这三个房间里，厨房比卧室、客厅小。	这三个房间里，厨房很小。但是，这三个房间里，厨房不比卧室、客厅小。	possibly	pos-f-comp-t
323	周涛在比较三个书包的重量。他觉得2公斤算是重的书包。蓝书包0.8公斤。红书包1.5公斤。黑书包1.2公斤。	哪个书包最重？	红书包	这三个书包里，红书包重。	这三个书包里，红书包重吗？	这三个书包里，红书包很重。	这三个书包里，红书包比黑书包、蓝书包重。	这三个书包里，红书包不重。但是，这三个书包里，红书包比黑书包、蓝书包重。	这三个书包里，红书包很重。但是，这三个书包里，红书包不比黑书包、蓝书包重。	possibly	pos-f-comp-t
324	吴敏在比较三个水杯的容量。她觉得650毫升算是大的杯子。玻璃杯600毫升。塑料杯300毫升。陶瓷杯450毫升。	哪个杯子容量最大？	玻璃杯	这三个水杯中，玻璃杯大。	这三个水杯中，玻璃杯大吗？	这三个水杯中，玻璃杯很大。	这三个水杯中，玻璃杯比塑料杯、瓷杯大。	这三个水杯中，玻璃杯不大。但是，这三个水杯中，玻璃杯比塑料杯、瓷杯大。	这三个水杯中，玻璃杯很大。但是，这三个水杯中，玻璃杯不比塑料杯、瓷杯大。	possibly	pos-f-comp-t
325	赵强在比较三个学生的年龄。他认为7岁算是小的学生。小林14岁。小美10岁。小刚13岁。	哪个学生年龄最小？	小美	这三个学生中，小美小。	这三个学生中，小美小吗？	这三个学生中，小美很小。	这三个学生中，小美比小刚、小林小。	这三个学生中，小美不小。但是，这三个学生中，小美比小刚、小林小。	这三个学生中，小美很小。但是，这三个学生中，小美不比小刚、小林小。	possibly	pos-f-comp-t
326	孙丽在比较三个水果的甜度。她觉得10度算是甜的水果。苹果6度。香蕉9度。橙子7度。	哪个水果最甜？	香蕉	这三个水果中，香蕉甜。	这三个水果中，香蕉甜吗？	这三个水果中，香蕉很甜。	这三个水果中，香蕉比橙子、苹果甜。	这三个水果中，香蕉不甜。但是，这三个水果中，香蕉比橙子、苹果甜。	这三个水果中，香蕉很甜。但是，这三个水果中，香蕉不比橙子、苹果甜。	possibly	pos-f-comp-t
327	钱浩在比较三个河流的长度。他认为70公里算是短的河流。长江200公里。黄河80公里。珠江150公里。	哪条河流最短？	黄河	这三条河流中，黄河短。	这三条河流中，黄河短吗？	这三条河流中，黄河很短。	这三条河流中，黄河比珠江、长江短。	这三条河流中，黄河不短。但是，这三条河流中，黄河比珠江、长江短。	这三条河流中，黄河很短。但是，这三条河流中，黄河不比珠江、长江短。	possibly	pos-f-comp-t
328	周婷在比较三个电影的评分。她觉得6分算是低的电影。A电影8.5分。B电影6.3分。C电影9.1分。	哪个电影评分最高？	C电影	这三个电影中，B电影低。	这三个电影中，B电影低吗？	这三个电影中，B电影很低。	这三个电影中，B电影比A电影、C电影低。	这三个电影中，B电影不低。但是，这三个电影中，B电影比A电影、C电影低。	这三个电影中，B电影很低。但是，这三个电影中，B电影不比A电影、C电影低。	possibly	pos-f-comp-t
329	郑伟在比较三个灯泡的亮度。他认为80流明算是暗的灯泡。白灯120流明。黄灯90流明。蓝灯150流明。	哪个灯泡最亮？	蓝灯	这三个灯泡里，黄灯暗。	这三个灯泡里，黄灯暗吗？	这三个灯泡里，黄灯很暗。	这三个灯泡里，黄灯比蓝灯、白灯暗。	这三个灯泡里，黄灯不暗。但是，这三个灯泡里，黄灯比蓝灯、白灯暗。	这三个灯泡里，黄灯很暗。但是，这三个灯泡里，黄灯不比蓝灯、白灯暗。	possibly	pos-f-comp-t
330	老陈在比较三个工厂的产量。他觉得300吨算是低的月产量。甲厂600吨。乙厂450吨。丙厂800吨。	哪个工厂产量最高？	丙厂	这三个工厂中，乙厂月产量低。	这三个工厂中，乙厂月产量低吗？	这三个工厂中，乙厂月产量很低。	这三个工厂中，乙厂月产量比甲厂、丙厂低。	这三个工厂中，乙厂月产量不低。但是，这三个工厂中，乙厂月产量比甲厂、丙厂低。	这三个工厂中，乙厂月产量很低。但是，这三个工厂中，乙厂月产量不比甲厂、丙厂低。	possibly	pos-f-comp-t
331	小何在比较三个软件的下载量。她觉得7万次算是少的下载量。X软件15万次。Y软件8万次。Z软件12万次。	哪个软件下载量最多？	X软件	这三个软件中，Y软件下载量少。	这三个软件中，Y软件下载量少吗？	这三个软件中，Y软件下载量很少。	这三个软件中，Y软件下载量比X软件、Z软件少。	这三个软件中，Y软件下载量不少。但是，这三个软件中，Y软件下载量比X软件、Z软件少。	这三个软件中，Y软件下载量很少。但是，这三个软件中，Y软件下载量不比X软件、Z软件少。	possibly	pos-f-comp-t
332	张姨在比较三个蛋糕的糖分。她觉得40克算是低糖的蛋糕。巧克力蛋糕70克。草莓蛋糕45克。奶油蛋糕60克。	哪个蛋糕糖分最高？	巧克力蛋糕	这三个蛋糕中，草莓蛋糕低。	这三个蛋糕中，草莓蛋糕低吗？	这三个蛋糕中，草莓蛋糕很低。	这三个蛋糕中，草莓蛋糕比巧克力蛋糕、奶油蛋糕低。	这三个蛋糕中，草莓蛋糕不低。但是，这三个蛋糕中，草莓蛋糕比巧克力蛋糕、奶油蛋糕低。	这三个蛋糕中，草莓蛋糕很低。但是，这三个蛋糕中，草莓蛋糕不比巧克力蛋糕、奶油蛋糕低。	possibly	pos-f-comp-t
333	王叔在比较三个鱼塘的深度。他认为1.2米算是浅的鱼塘。一号塘1.8米。二号塘3米。三号塘2.5米。	哪个鱼塘最浅？	一号塘	这三个鱼塘里，一号塘浅。	这三个鱼塘里，一号塘浅吗？	这三个鱼塘里，一号塘很浅。	这三个鱼塘里，一号塘比二号塘、三号塘浅。	这三个鱼塘里，一号塘不浅。但是，这三个鱼塘里，一号塘比二号塘、三号塘浅。	这三个鱼塘里，一号塘很浅。但是，这三个鱼塘里，一号塘不比二号塘、三号塘浅。	possibly	pos-f-comp-t
334	小林在比较三个快递的速度。她觉得5天算是慢的快递。顺丰2天。圆通4天。中通3天。	哪个快递最慢？	圆通	这三个快递中，圆通慢。	这三个快递中，圆通慢吗？	这三个快递中，圆通很慢。	这三个快递中，圆通比顺丰、中通慢。	这三个快递中，圆通不慢。但是，这三个快递中，圆通比顺丰、中通慢。	这三个快递中，圆通很慢。但是，这三个快递中，圆通不比顺丰、中通慢。	possibly	pos-f-comp-t
335	张涛在比较三只狗的年龄。他认为1.5岁算是年轻的狗。小黑5岁。小白2岁。小花4岁。	哪只狗年龄最小？	小白	这三只狗中，小白年轻。	这三只狗中，小白年轻吗？	这三只狗中，小白很年轻。	这三只狗中，小白比小黑、小花年轻。	这三只狗中，小白不年轻。但是，这三只狗中，小白比小黑、小花年轻。	这三只狗中，小白很年轻。但是，这三只狗中，小白不比小黑、小花年轻。	possibly	pos-f-comp-t
336	陈芳在比较三本书的厚度。她觉得100页算是薄的书。A书150页。B书300页。C书250页。	哪本书最厚？	B书	这三本书里，A书薄。	这三本书里，A书薄吗？	这三本书里，A书很薄。	这三本书里，A书比B书、C书薄。	这三本书里，A书不薄。但是，这三本书里，A书比B书、C书薄。	这三本书里，A书很薄。但是，这三本书里，A书不比B书、C书薄。	possibly	pos-f-comp-t
337	刘强在比较三座山的海拔。他认为2000米算是高的山。泰山1545米。黄山1864米。庐山1474米。	哪座山最高？	黄山	这三座山中，黄山高。	这三座山中，黄山高吗？	这三座山中，黄山很高。	这三座山中，黄山比庐山、泰山高。	这三座山中，黄山不高。但是，这三座山中，黄山比庐山、泰山高。	这三座山中，黄山很高。但是，这三座山中，黄山不比庐山、泰山高。	possibly	pos-f-comp-t
338	周敏在比较三杯水的温度。她觉得60度算是烫的水。甲杯45度。乙杯25度。丙杯50度。	哪杯水温度最高？	丙杯	这三杯水里，丙杯烫。	这三杯水里，丙杯烫吗？	这三杯水里，丙杯很烫。	这三杯水里，丙杯比乙杯、甲杯烫。	这三杯水里，丙杯不烫。但是，这三杯水里，丙杯比乙杯、甲杯烫。	这三杯水里，丙杯很烫。但是，这三杯水里，丙杯不比乙杯、甲杯烫。	possibly	pos-f-comp-t
339	吴浩在比较三支笔的长度。他认为20厘米算是长的笔。蓝笔15厘米。红笔10厘米。黑笔18厘米。	哪支笔最长？	黑笔	这三支笔中，黑笔长。	这三支笔中，黑笔长吗？	这三支笔中，黑笔很长。	这三支笔中，黑笔比红笔、蓝笔长。	这三支笔中，黑笔不长。但是，这三支笔中，黑笔比红笔、蓝笔长。	这三支笔中，黑笔很长。但是，这三支笔中，黑笔不比红笔、蓝笔长。	possibly	pos-f-comp-t
340	林琳在比较三间房的面积。她觉得35平米算是大的房间。101号25平米。102号18平米。103号30平米。	哪个房间面积最大？	103号	这三间房中，103号大。	这三间房中，103号大吗？	这三间房中，103号很大。	这三间房中，103号比102号、101号大。	这三间房中，103号不大。但是，这三间房中，103号比102号、101号大。	这三间房中，103号很大。但是，这三间房中，103号不比102号、101号大。	possibly	pos-f-comp-t
341	赵刚在比较三条鱼的重量。他认为2公斤算是重的鱼。青鱼0.8公斤。鲤鱼1.5公斤。草鱼1.2公斤。	哪条鱼最重？	鲤鱼	这三条鱼里，鲤鱼重。	这三条鱼里，鲤鱼重吗？	这三条鱼里，鲤鱼很重。	这三条鱼里，鲤鱼比草鱼、青鱼重。	这三条鱼里，鲤鱼不重。但是，这三条鱼里，鲤鱼比草鱼、青鱼重。	这三条鱼里，鲤鱼很重。但是，这三条鱼里，鲤鱼不比草鱼、青鱼重。	possibly	pos-f-comp-t
342	孙丽在比较三双鞋的价格。她觉得850元算是贵的鞋。运动鞋800元。皮鞋450元。凉鞋600元。	哪双鞋最贵？	运动鞋	这三双鞋中，运动鞋贵。	这三双鞋中，运动鞋贵吗？	这三双鞋中，运动鞋很贵。	这三双鞋中，运动鞋比皮鞋、凉鞋贵。	这三双鞋中，运动鞋不贵。但是，这三双鞋中，运动鞋比皮鞋、凉鞋贵。	这三双鞋中，运动鞋很贵。但是，这三双鞋中，运动鞋不比皮鞋、凉鞋贵。	possibly	pos-f-comp-t
343	王芳在比较三棵树的树龄。她觉得30年算是老的树。松树25年。杨树8年。柳树15年。	哪棵树树龄最大？	松树	这三棵树中，松树老。	这三棵树中，松树老吗？	这三棵树中，松树很老。	这三棵树中，松树比杨树、柳树老。	这三棵树中，松树不老。但是，这三棵树中，松树比杨树、柳树老。	这三棵树中，松树很老。但是，这三棵树中，松树不比杨树、柳树老。	possibly	pos-f-comp-t
344	陈明在比较三台手机的电量。他认为98%算是高电量。A手机95%。B手机75%。C手机60%。	哪台手机电量最高？	A手机	这三台手机中，A手机电量高。	这三台手机中，A手机电量高吗？	这三台手机中，A手机电量很高。	这三台手机中，A手机电量比B手机、C手机高。	这三台手机中，A手机电量不高。但是，这三台手机中，A手机电量比B手机、C手机高。	这三台手机中，A手机电量很高。但是，这三台手机中，A手机电量不比B手机、C手机高。	possibly	pos-f-comp-t
345	李娜在比较三件衣服的尺寸。她觉得XXL码算是大的衣服。外套L码。T恤S码。裙子XL码。	哪件衣服尺码最大？	裙子	这三件衣服里，裙子大。	这三件衣服里，裙子大吗？	这三件衣服里，裙子很大。	裙子比外套、T恤大。	这三件衣服里，裙子不大。但是，裙子比外套、T恤大。	这三件衣服里，裙子很大。但是，裙子不比外套、T恤大。	possibly	pos-f-comp-t
346	周杰在比较三场电影的时长。他认为170分钟算是长的电影。动作片120分钟。爱情片85分钟。科幻片150分钟。	哪场电影时长最长？	科幻片	这三场电影中，科幻片长。	这三场电影中，科幻片长吗？	这三场电影中，科幻片很长。	这三场电影中，科幻片比爱情片、动作片长。	这三场电影中，科幻片不长。但是，这三场电影中，科幻片比爱情片、动作片长。	这三场电影中，科幻片很长。但是，这三场电影中，科幻片不比爱情片、动作片长。	possibly	pos-f-comp-t
347	吴婷在比较三碗面的分量。她觉得500克算是多的面。牛肉面350克。素面280克。海鲜面400克。	哪碗面分量最多？	海鲜面	这三碗面中，海鲜面多。	这三碗面中，海鲜面多吗？	这三碗面中，海鲜面很多。	这三碗面中，海鲜面比素面、牛肉面多。	这三碗面中，海鲜面不多。但是，这三碗面中，海鲜面比素面、牛肉面多。	这三碗面中，海鲜面很多。但是，这三碗面中，海鲜面不比素面、牛肉面多。	possibly	pos-f-comp-t
348	郑伟在比较三把椅子的承重。他认为200公斤算是强的承重。木椅120公斤。塑料椅90公斤。铁椅150公斤。	哪把椅子承重最大？	铁椅	这三把椅子里，铁椅强。	这三把椅子里，铁椅强吗？	这三把椅子里，铁椅很强。	这三把椅子里，铁椅比塑料椅、木椅强。	这三把椅子里，铁椅不强。但是，这三把椅子里，铁椅比塑料椅、木椅强。	这三把椅子里，铁椅很强。但是，这三把椅子里，铁椅不比塑料椅、木椅强。	possibly	pos-f-comp-t
349	徐静在比较三瓶饮料的甜度。她觉得15%糖分算是高糖的。橙汁7%。绿茶3%。可乐10%。	哪瓶饮料最甜？	可乐	这三瓶饮料中，可乐甜。	这三瓶饮料中，可乐甜吗？	这三瓶饮料中，可乐很甜。	这三瓶饮料中，可乐比绿茶、橙汁甜。	这三瓶饮料中，可乐不甜。但是，这三瓶饮料中，可乐比绿茶、橙汁甜。	这三瓶饮料中，可乐很甜。但是，这三瓶饮料中，可乐不比绿茶、橙汁甜。	possibly	pos-f-comp-t
350	黄磊在比较三台电脑的速度。他认为2秒开机算是快的电脑。A电脑3秒。B电脑5秒。C电脑6秒。	哪台电脑开机速度最快？	A电脑	这三台电脑中，A电脑快。	这三台电脑中，A电脑快吗？	这三台电脑中，A电脑很快。	这三台电脑中，A电脑比B电脑、C电脑快。	这三台电脑中，A电脑不快。但是，这三台电脑中，A电脑比B电脑、C电脑快。	这三台电脑中，A电脑很快。但是，这三台电脑中，A电脑不比B电脑、C电脑快。	possibly	pos-f-comp-t
351	何娟在比较三盆植物的高度。她觉得90厘米算是高的植物。绿萝60厘米。多肉30厘米。龟背竹80厘米。	哪盆植物最高？	龟背竹	这三盆植物中，龟背竹高。	这三盆植物中，龟背竹高吗？	这三盆植物中，龟背竹很高。	这三盆植物中，龟背竹比多肉、绿箩高。	这三盆植物中，龟背竹不高。但是，这三盆植物中，龟背竹比多肉、绿箩高。	这三盆植物中，龟背竹很高。但是，这三盆植物中，龟背竹不比多肉、绿箩高。	possibly	pos-f-comp-t
352	马超在比较三支球队的积分。他认为40分算是多的积分。甲队25分。乙队18分。丙队30分。	哪支球队积分最高？	丙队	这三支球队中，丙队多。	这三支球队中，丙队多吗？	这三支球队中，丙队很多。	这三支球队中，丙队比乙队、甲队多。	这三支球队中，丙队不多。但是，这三支球队中，丙队比乙队、甲队多。	这三支球队中，丙队很多。但是，这三支球队中，丙队不比乙队、甲队多。	possibly	pos-f-comp-t
353	朱琳在比较三款相机的像素。她觉得4000万算是高的像素。X相机2400万。Y相机1800万。Z相机3000万。	哪款相机像素最高？	Z相机	这三款相机里，Z相机高。	这三款相机里，Z相机高吗？	这三款相机里，Z相机很高。	这三款相机里，Z相机比Y相机、X相机高。	这三款相机里，Z相机不高。但是，这三款相机里，Z相机比Y相机、X相机高。	这三款相机里，Z相机很高。但是，这三款相机里，Z相机不比Y相机、X相机高。	possibly	pos-f-comp-t
354	郭强在比较三条河流的长度。他认为6500公里算是长的河。长江6300公里。黄河5464公里。淮河1000公里。	哪条河流最长？	长江	这三条河流中，长江长。	这三条河流中，长江长吗？	这三条河流中，长江很长。	这三条河流中，长江比黄河、淮河长。	这三条河流中，长江不长。但是，这三条河流中，长江比黄河、淮河长。	这三条河流中，长江很长。但是，这三条河流中，长江不比黄河、淮河长。	possibly	pos-f-comp-t
355	唐敏在比较三款口红的颜色深度。她觉得5度算是深的颜色。1号色2度。2号色4度。3号色1度。	哪款口红颜色最深？	2号色	这三款口红中，2号色深。	这三款口红中，2号色深吗？	这三款口红中，2号色很深。	这三款口红中，2号色比3号色、1号色深。	这三款口红中，2号色不深。但是，这三款口红中，2号色比3号色、1号色深。	这三款口红中，2号色很深。但是，这三款口红中，2号色不比3号色、1号色深。	possibly	pos-f-comp-t
356	宋杰在比较三辆自行车的速度。他认为40km/h算是快的车。A车25km/h。B车18km/h。C车30km/h。	哪辆自行车速度最快？	C车	这三辆自行车里，C车快。	这三辆自行车里，C车快吗？	这三辆自行车里，C车很快。	这三辆自行车里，C车比A车、B车快。	这三辆自行车里，C车不快。但是，这三辆自行车里，C车比A车、B车快。	这三辆自行车里，C车很快。但是，这三辆自行车里，C车不比A车、B车快。	possibly	pos-f-comp-t
357	韩雪在比较三间图书馆的藏书量。她觉得30万册算是多的。东馆15万册。南馆8万册。西馆20万册。	哪间图书馆藏书量最多？	西馆	这三间图书馆中，西馆多。	这三间图书馆中，西馆多吗？	这三间图书馆中，西馆很多。	这三间图书馆中，西馆比南馆、东馆多。	这三间图书馆中，西馆不多。但是，这三间图书馆中，西馆比南馆、东馆多。	这三间图书馆中，西馆很多。但是，这三间图书馆中，西馆不比南馆、东馆多。	possibly	pos-f-comp-t
358	董浩在比较三款灯泡的亮度。他认为200瓦算是亮的灯泡。白灯120瓦。黄灯90瓦。LED灯150瓦。	哪个灯泡最亮？	LED灯	这三款灯泡里，LED灯亮。	这三款灯泡里，LED灯亮吗？	这三款灯泡里，LED灯很亮。	这三款灯泡里，LED灯比黄灯、白灯亮。	这三款灯泡里，LED灯不亮。但是，这三款灯泡里，LED灯比黄灯、白灯亮。	这三款灯泡里，LED灯很亮。但是，这三款灯泡里，LED灯不比黄灯、白灯亮。	possibly	pos-f-comp-t
359	许晴在比较三块手表的精度。她觉得每日±1秒算是高精度。A表±3秒。B表±6秒。C表±2秒。	哪块手表精度最高？	C表	这三块手表里，C表准。	这三块手表里，C表准吗？	这三块手表里，C表很准。	C表比A表、B表准。	这三块手表里，C表不准。但是，C表比A表、B表准。	这三块手表里，C表很准。但是，C表不比A表、B表准。	possibly	pos-f-comp-t
360	吕伟在比较三把伞的直径。他认为120厘米算是大的伞。黑伞100厘米。蓝伞85厘米。红伞110厘米。	哪把伞最大？	红伞	这三把伞中，红伞大。	这三把伞中，红伞大吗？	这三把伞中，红伞很大。	这三把伞中，红伞比蓝伞、黑伞大。	这三把伞中，红伞不大。但是，这三把伞中，红伞比蓝伞、黑伞大。	这三把伞中，红伞很大。但是，这三把伞中，红伞不比蓝伞、黑伞大。	possibly	pos-f-comp-t
361	丁兰在比较三款洗发水的容量。她觉得600毫升算是多的。柔顺款350毫升。去屑款450毫升。修复款500毫升。	哪款洗发水容量最多？	修复款	这三款洗发水中，修复款多。	这三款洗发水中，修复款多吗？	这三款洗发水中，修复款很多。	这三款洗发水中，修复款比去屑款、修复款多。	这三款洗发水中，修复款不多。但是，这三款洗发水中，修复款比去屑款、修复款多。	这三款洗发水中，修复款很多。但是，这三款洗发水中，修复款不比去屑款、修复款多。	possibly	pos-f-comp-t
362	陆峰在比较三栋楼的层数。他认为35层算是高的楼。A栋20层。B栋12层。C栋25层。	哪栋楼层数最多？	C栋	这三栋楼里，C栋高。	这三栋楼里，C栋高吗？	这三栋楼里，C栋很高。	这三栋楼里，C栋比A栋、B栋高。	这三栋楼里，C栋不高。但是，这三栋楼里，C栋比A栋、B栋高。	这三栋楼里，C栋很高。但是，这三栋楼里，C栋不比A栋、B栋高。	possibly	pos-f-comp-t
363	姜华在比较三台空调的耗电量。她觉得0.5度/小时算是省电的。节能型0.8度。标准型1.2度。强力型1.5度。	哪台空调最省电？	节能型	这三台空调里，节能型省电。	这三台空调里，节能型省电吗？	这三台空调里，节能型很省电。	这三台空调里，节能型比标准型、强力型省电。	这三台空调里，节能型不省电。但是，这三台空调里，节能型比标准型、强力型省电。	这三台空调里，节能型很省电。但是，这三台空调里，节能型不比标准型、强力型省电。	possibly	pos-f-comp-t
364	谢娜在比较三款背包的容量。他认为60升算是大的背包。登山包40升。日常包25升。旅行包50升。	哪个背包容量最大？	旅行包	这三款背包里，旅行包大。	这三款背包里，旅行包大吗？	这三款背包里，旅行包很大。	这三款背包里，旅行包比登山包、日常包大。	这三款背包里，旅行包不大。但是，这三款背包里，旅行包比登山包、日常包大。	这三款背包里，旅行包很大。但是，这三款背包里，旅行包不比登山包、日常包大。	possibly	pos-f-comp-t
365	张涛在比较三本书的页数。他认为500页算是大的书。A书400页。B书250页。C书350页。	哪本书页数最多？	A书	这三本书里，A书大。	这三本书里，A书大吗？	这三本书里，A书很大。	这三本书里，A书比B书、C书大。	这三本书里，A书不大。但是，这三本书里，A书比B书、C书大。	这三本书里，A书很大。但是，这三本书里，A书不比B书、C书大。	possibly	pos-f-comp-t
366	张伟在比较三只狗的速度。他认为每小时40公里算是快的狗。阿黄25公里。小黑35公里。小白20公里。	哪只狗速度最快？	小黑	这三只狗中，小黑快。	这三只狗中，小黑快吗？	这三只狗中，小黑很快。	这三只狗中，小黑比小白、阿黄快。	这三只狗中，小黑不快。但是，这三只狗中，小黑比小白、阿黄快。	这三只狗中，小黑很快。但是，这三只狗中，小黑不比小白、阿黄快。	possibly	pos-f-comp-t
367	刘芳在比较三本书的页数。她觉得500页算是长的书。A书250页。B书400页。C书180页。	哪本书页数最多？	B书	这三本书里，B书长。	这三本书里，B书长吗？	这三本书里，B书很长。	这三本书里，B书比C书、A书长。	这三本书里，B书不长。但是，这三本书里，B书比C书、A书长。	这三本书里，B书很长。但是，这三本书里，B书不比C书、A书长。	possibly	pos-f-comp-t
368	陈强在比较三座山的高度。他认为3000米算是高的山。青山1800米。黄山2200米。蓝山1900米。	哪座山最高？	黄山	这三座山里，黄山高。	这三座山里，黄山高吗？	这三座山里，黄山很高。	这三座山里，黄山比蓝山、青山高。	这三座山里，黄山不高。但是，这三座山里，黄山比蓝山、青山高。	这三座山里，黄山很高。但是，这三座山里，黄山不比蓝山、青山高。	possibly	pos-f-comp-t
369	周敏在比较三杯咖啡的温度。她觉得90度算是烫的咖啡。美式75度。拿铁85度。摩卡70度。	哪杯咖啡温度最高？	拿铁	这三杯咖啡里，拿铁烫。	这三杯咖啡里，拿铁烫吗？	这三杯咖啡里，拿铁很烫。	这三杯咖啡里，拿铁比摩卡、美式烫。	这三杯咖啡里，拿铁不烫。但是，这三杯咖啡里，拿铁比摩卡、美式烫。	这三杯咖啡里，拿铁很烫。但是，这三杯咖啡里，拿铁不比摩卡、美式烫。	possibly	pos-f-comp-t
370	吴磊在比较三条河流的长度。他认为6500公里算是长的河。长江6300公里。黄河550公里。淮河420公里。	哪条河流最长？	长江	这三条河流中，长江长。	这三条河流中，长江长吗？	这三条河流中，长江很长。	这三条河流中，长江比黄河、淮河长。	这三条河流中，长江不长。但是，这三条河流中，长江比黄河、淮河长。	这三条河流中，长江很长。但是，这三条河流中，长江不比黄河、淮河长。	possibly	pos-f-comp-t
371	林婷在比较三支铅笔的价格。她觉得8元算是贵的铅笔。红笔3元。蓝笔6元。绿笔4元。	哪支铅笔最贵？	蓝笔	这三支铅笔里，蓝笔贵。	这三支铅笔里，蓝笔贵吗？	这三支铅笔里，蓝笔很贵。	这三支铅笔里，蓝笔比绿笔、红笔贵。	这三支铅笔里，蓝笔不贵。但是，这三支铅笔里，蓝笔比绿笔、红笔贵。	这三支铅笔里，蓝笔很贵。但是，这三支铅笔里，蓝笔不比绿笔、红笔贵。	possibly	pos-f-comp-t
372	赵刚在比较三场电影的时长。他觉得3小时算是长的电影。动作片1.5小时。爱情片2.3小时。喜剧片1.8小时。	哪场电影时长最长？	爱情片	这三场电影里，爱情片长。	这三场电影里，爱情片长吗？	这三场电影里，爱情片很长。	这三场电影里，爱情片比动作片、喜剧片长。	这三场电影里，爱情片不长。但是，这三场电影里，爱情片比动作片、喜剧片长。	这三场电影里，爱情片很长。但是，这三场电影里，爱情片不比动作片、喜剧片长。	possibly	pos-f-comp-t
373	孙莉在比较三款手机的重量。她觉得300克算是重的手机。X机180克。Y机210克。Z机195克。	哪款手机最重？	Y机	这三款手机里，Y机重。	这三款手机里，Y机重吗？	这三款手机里，Y机很重。	这三款手机里，Y机比Z机、X机重。	这三款手机里，Y机不重。但是，这三款手机里，Y机比Z机、X机重。	这三款手机里，Y机很重。但是，这三款手机里，Y机不比Z机、X机重。	possibly	pos-f-comp-t
374	王浩在比较三棵树的年龄。他认为70年算是老的树。松树40年。槐树60年。柳树45年。	哪棵树年龄最大？	槐树	这三棵树里，槐树老。	这三棵树里，槐树老吗？	这三棵树里，槐树很老。	这三棵树里，槐树比柳树、松树老。	这三棵树里，槐树不老。但是，这三棵树里，槐树比柳树、松树老。	这三棵树里，槐树很老。但是，这三棵树里，槐树不比柳树、松树老。	possibly	pos-f-comp-t
375	黄娟在比较三双鞋的尺码。她觉得50码算是大的鞋。运动鞋38码。皮鞋41码。凉鞋39码。	哪双鞋尺码最大？	皮鞋	这三双鞋里，皮鞋大。	这三双鞋里，皮鞋大吗？	这三双鞋里，皮鞋很大。	这三双鞋里，皮鞋比凉鞋、运动鞋大。	这三双鞋里，皮鞋不大。但是，这三双鞋里，皮鞋比凉鞋、运动鞋大。	这三双鞋里，皮鞋很大。但是，这三双鞋里，皮鞋不比凉鞋、运动鞋大。	possibly	pos-f-comp-t
376	徐峰在比较三只猫的体重。他认为6公斤算是重的猫。花猫4.2公斤。黑猫5.5公斤。白猫4.8公斤。	哪只猫最重？	黑猫	这三只猫中，黑猫重。	这三只猫中，黑猫重吗？	这三只猫中，黑猫很重。	这三只猫中，黑猫比白猫、花猫重。	这三只猫中，黑猫不重。但是，这三只猫中，黑猫比白猫、花猫重。	这三只猫中，黑猫很重。但是，这三只猫中，黑猫不比白猫、花猫重。	possibly	pos-f-comp-t
377	郑雪在比较三栋楼的层数。她觉得30层算是高的楼。A楼18层。B楼25层。C楼15层。	哪栋楼层数最多？	B楼	这三栋楼里，B楼高。	这三栋楼里，B楼高吗？	这三栋楼里，B楼很高。	这三栋楼里，B楼比C楼、A楼高。	这三栋楼里，B楼不高。但是，这三栋楼里，B楼比C楼、A楼高。	这三栋楼里，B楼很高。但是，这三栋楼里，B楼不比C楼、A楼高。	possibly	pos-f-comp-t
378	马强在比较三碗面的辣度。他觉得5颗辣椒算是辣的面。牛肉面2颗。酸辣面4颗。鸡汤面1颗。	哪碗面最辣？	酸辣面	这三碗面里，酸辣面辣。	这三碗面里，酸辣面辣吗？	这三碗面里，酸辣面很辣。	这三碗面里，酸辣面比牛肉面、鸡汤面辣。	这三碗面里，酸辣面不辣。但是，这三碗面里，酸辣面比牛肉面、鸡汤面辣。	这三碗面里，酸辣面很辣。但是，这三碗面里，酸辣面不比牛肉面、鸡汤面辣。	possibly	pos-f-comp-t
379	何静在比较三件羽绒服的保暖度。她觉得零下20度算是暖的羽绒服。红款零下5度。蓝款零下15度。黄款零下8度。	哪件羽绒服最暖？	蓝款	这三件羽绒服里，蓝款暖。	这三件羽绒服里，蓝款暖吗？	这三件羽绒服里，蓝款很暖。	这三件羽绒服里，蓝款比黄款、红款暖。	这三件羽绒服里，蓝款不暖。但是，这三件羽绒服里，蓝款比黄款、红款暖。	这三件羽绒服里，蓝款很暖。但是，这三件羽绒服里，蓝款不比黄款、红款暖。	possibly	pos-f-comp-t
380	郭涛在比较三台电脑的耗电量。他认为150瓦算是费电的电脑。台式机120瓦。笔记本80瓦。平板60瓦。	哪台电脑最费电？	台式机	这三台电脑里，台式机费电。	这三台电脑里，台式机费电吗？	这三台电脑里，台式机很费电。	这三台电脑里，台式机比笔记本、平板费电。	这三台电脑里，台式机不费电。但是，这三台电脑里，台式机比笔记本、平板费电。	这三台电脑里，台式机很费电。但是，这三台电脑里，台式机不比笔记本、平板费电。	possibly	pos-f-comp-t
381	谢琳在比较三款包的容量。她觉得20升算是大的包。手提包8升。双肩包12升。斜挎包9升。	哪个包容量最大？	双肩包	这三款包里，双肩包大。	这三款包里，双肩包大吗？	这三款包里，双肩包很大。	这三款包里，双肩包比手提包、挎包大。	这三款包里，双肩包不大。但是，这三款包里，双肩包比手提包、挎包大。	这三款包里，双肩包很大。但是，这三款包里，双肩包不比手提包、挎包大。	possibly	pos-f-comp-t
382	方明在比较三把椅子的承重。他认为180公斤算是结实的椅子。木椅130公斤。铁椅160公斤。塑料椅140公斤。	哪把椅子最结实？	铁椅	这三把椅子中，铁椅结实。	这三把椅子中，铁椅结实吗？	这三把椅子中，铁椅很结实。	这三把椅子中，铁椅比木椅、塑料椅结实。	这三把椅子中，铁椅不结实。但是，这三把椅子中，铁椅比木椅、塑料椅结实。	这三把椅子中，铁椅很结实。但是，这三把椅子中，铁椅不比木椅、塑料椅结实。	possibly	pos-f-comp-t
383	程红在比较三盆植物的高度。她觉得2米算是高的植物。多肉0.3米。绿萝0.8米。龟背竹1.2米。	哪盆植物最高？	龟背竹	这三盆植物中，龟背竹高。	这三盆植物中，龟背竹高吗？	这三盆植物中，龟背竹很高。	这三盆植物中，龟背竹比绿萝、多肉高。	这三盆植物中，龟背竹不高。但是，这三盆植物中，龟背竹比绿萝、多肉高。	这三盆植物中，龟背竹很高。但是，这三盆植物中，龟背竹不比绿萝、多肉高。	possibly	pos-f-comp-t
384	吕杰在比较三款耳机的音量。他觉得100分贝算是响的耳机。A款85分贝。B款95分贝。C款88分贝。	哪款耳机音量最大？	B款	这三款耳机里，B款响。	这三款耳机里，B款响吗？	这三款耳机里，B款很响。	这三款耳机里，B款比C款、A款响。	这三款耳机里，B款不响。但是，这三款耳机里，B款比C款、A款响。	这三款耳机里，B款很响。但是，这三款耳机里，B款不比C款、A款响。	possibly	pos-f-comp-t
385	丁兰在比较三块电池的续航。她觉得28小时算是耐用的电池。甲电池20小时。乙电池26小时。丙电池22小时。	哪块电池续航最长？	乙电池	这三块电池里，乙电池耐用。	这三块电池里，乙电池耐用吗？	这三块电池里，乙电池很耐用。	这三块电池里，乙电池比丙电池、甲电池耐用。	这三块电池里，乙电池不耐用。但是，这三块电池里，乙电池比丙电池、甲电池耐用。	这三块电池里，乙电池很耐用。但是，这三块电池里，乙电池不比丙电池、甲电池耐用。	possibly	pos-f-comp-t
386	陆飞在比较三把刀的锋利度。他认为能切9层纸算是锋利的刀。水果刀3层。菜刀7层。美工刀4层。	哪把刀最锋利？	菜刀	这三把刀中，菜刀锋利。	这三把刀中，菜刀锋利吗？	这三把刀中，菜刀很锋利。	这三把刀中，菜刀比水果刀、美工刀锋利。	这三把刀中，菜刀不锋利。但是，这三把刀中，菜刀比水果刀、美工刀锋利。	这三把刀中，菜刀很锋利。但是，这三把刀中，菜刀不比水果刀、美工刀锋利。	possibly	pos-f-comp-t
387	张涛在比较三个学生的年龄。他觉得20岁算是大的学生。李华12岁。张伟18岁。王芳14岁。	哪个学生年龄最大？	张伟	这三个学生里，张伟大。	这三个学生里，张伟大吗？	这三个学生里，张伟很大。	这三个学生里，张伟比王芳、李华大。	这三个学生里，张伟不大。但是，这三个学生里，张伟比王芳、李华大。	这三个学生里，张伟很大。但是，这三个学生里，张伟不比王芳、李华大。	possibly	pos-f-comp-t
388	陈敏在比较三只动物的速度。她觉得75公里每小时算是快的动物。猎豹70公里每小时。乌龟50公里每小时。兔子55公里每小时。	哪个动物速度最快？	猎豹	这三只动物里，猎豹快。	这三只动物里，猎豹快吗？	这三只动物里，猎豹很快。	这三只动物里，猎豹比乌龟、兔子快。	这三只动物里，猎豹不快。但是，这三只动物里，猎豹比乌龟、兔子快。	这三只动物里，猎豹很快。但是，这三只动物里，猎豹不比乌龟、兔子快。	possibly	pos-f-comp-t
389	刘芳在比较三个城市的温度。她觉得37摄氏度算是热的城市。香港35度。北京28度。上海25度。	哪个城市最热？	香港	这三个城市里，香港热。	这三个城市里，香港热吗？	这三个城市里，香港很热。	这三个城市里，香港比北京、上海热。	这三个城市里，香港不热。但是，这三个城市里，香港比北京、上海热。	这三个城市里，香港很热。但是，这三个城市里，香港不比北京、上海热。	possibly	pos-f-comp-t
390	周强在比较三条河流的长度。他觉得650米算是长的河流。长江600米。黄河400米。珠江450米。	哪条河流最长？	长江	这三条河流中，长江长。	这三条河流中，长江长吗？	这三条河流中，长江很长。	这三条河流中，长江比黄河、珠江长。	这三条河流中，长江不长。但是，这三条河流中，长江比黄河、珠江长。	这三条河流中，长江很长。但是，这三条河流中，长江不比黄河、珠江长。	possibly	pos-f-comp-t
391	吴莉在比较三个国家的面积。她觉得250万平方公里算是大的国家。甲国200万。乙国50万。丙国80万。	哪个国家面积最大？	甲国	这三个国家中，甲国大。	这三个国家中，甲国大吗？	这三个国家中，甲国很大。	这三个国家中，甲国比乙国、丙国大。	这三个国家中，甲国不大。但是，这三个国家中，甲国比乙国、丙国大。	这三个国家中，甲国很大。但是，这三个国家中，甲国不比乙国、丙国大。	possibly	pos-f-comp-t
392	郑浩在比较三个瓶子的体积。他觉得2升算是大的瓶子。红瓶1.5升。白瓶0.8升。紫瓶0.5升。	哪个瓶子体积最大？	红瓶	这三个瓶子中，红瓶大。	这三个瓶子中，红瓶大吗？	这三个瓶子中，红瓶很大。	这三个瓶子中，红瓶比白瓶、紫瓶大。	这三个瓶子中，红瓶不大。但是，这三个瓶子中，红瓶比白瓶、紫瓶大。	这三个瓶子中，红瓶很大。但是，这三个瓶子中，红瓶不比白瓶、紫瓶大。	possibly	pos-f-comp-t
393	孙雨在比较三个书包的重量。她觉得7公斤算是重的书包。A书包6公斤。B书包4公斤。C书包3公斤。	哪个书包最重？	A书包	这三个书包中，A书包重。	这三个书包中，A书包重吗？	这三个书包中，A书包很重。	这三个书包中，A书包比C书包、B书包重。	这三个书包中，A书包不重。但是，这三个书包中，A书包比C书包、B书包重。	这三个书包中，A书包很重。但是，这三个书包中，A书包不比C书包、B书包重。	possibly	pos-f-comp-t
394	赵刚在比较三部电影的时长。他觉得3小时算是长的电影。X电影2.5小时。Y电影1.5小时。Z电影1.8小时。	哪部电影时长最长？	X电影	这三部电影里，X电影长。	这三部电影里，X电影长吗？	这三部电影里，X电影很长。	这三部电影里，X电影比Y电影、Z电影长。	这三部电影里，X电影不长。但是，这三部电影里，X电影比Y电影、Z电影长。	这三部电影里，X电影很长。但是，这三部电影里，X电影不比Y电影、Z电影长。	possibly	pos-f-comp-t
395	杨雪在比较三次考试的分数。她觉得98分算是高的分数。小明95分。小红85分。小刚88分。	哪次考试分数最高？	小明	这三次考试中，小明高。	这三次考试中，小明高吗？	这三次考试中，小明很高。	这三次考试中，小明比小红、小刚高。	这三次考试中，小明不高。但是，这三次考试中，小明比小红、小刚高。	这三次考试中，小明很高。但是，这三次考试中，小明不比小红、小刚高。	possibly	pos-f-comp-t
396	徐磊在比较三个杯子的容量。他觉得500毫升算是大的杯子。甲杯400毫升。乙杯250毫升。丙杯200毫升。	哪个杯子容量最大？	甲杯	这三个杯子中，甲杯大。	这三个杯子中，甲杯大吗？	这三个杯子中，甲杯很大。	这三个杯子中，甲杯比乙杯、丙杯大。	这三个杯子中，甲杯不大。但是，这三个杯子中，甲杯比乙杯、丙杯大。	这三个杯子中，甲杯很大。但是，这三个杯子中，甲杯不比乙杯、丙杯大。	possibly	pos-f-comp-t
397	何婷在比较三个人的跑步距离。她觉得20公里算是远的距离。甲跑了15公里。乙跑了8公里。丙跑了9公里。	哪个人跑步最远？	甲	这个人中，甲远。	这三个人中，甲远吗？	这三个人中，甲很远。	这三个人中，甲比乙、丙远。	这三个人中，甲不远。但是，这三个人中，甲比乙、丙远。	这三个人中，甲很远。但是，这三个人中，甲不比乙、丙远。	possibly	pos-f-comp-t
398	黄伟在比较三个灯泡的亮度。她觉得1500流明算是亮的灯泡。A灯1200流明。B灯800流明。C灯900流明。	哪个灯泡最亮？	A灯	这三个灯泡里，A灯亮。	这三个灯泡里，A灯亮吗？	这三个灯泡里，A灯很亮。	这三个灯泡里，A灯比B灯、C灯亮。	这三个灯泡里，A灯不亮。但是，这三个灯泡里，A灯比B灯、C灯亮。	这三个灯泡里，A灯很亮。但是，这三个灯泡里，A灯不比B灯、C灯亮。	possibly	pos-f-comp-t
399	林娜在比较三个地方的书籍数量。她觉得150本算是多的书籍。图书馆100本。书店30本。学校40本。	哪个地方书最多？	图书馆	这三个地方里，图书馆书籍多。	这三个地方里，图书馆书籍多吗？	这三个地方里，图书馆书籍很多。	这三个地方里，图书馆书籍比书店、学校多。	这三个地方里，图书馆书籍不多。但是，这三个地方里，图书馆书籍比书店、学校多。	这三个地方里，图书馆书籍很多。但是，这三个地方里，图书馆书籍不比书店、学校多。	possibly	pos-f-comp-t