	item_id	context	code	true_how	pic_meaning	QUD	utterance	hen	bijiao	hen_neg_comp	bijiao_neg_pos
8	Q3	语境：图片中的女生觉得20平方米算是大的蒙古包。她在比较三个蒙古包的面积大小。	pos-t-comp-t-da	necessarily	img/da_comp.png	B蒙古包大吗？	B蒙古包大。	B蒙古包很大。	B蒙古包比较大。	B蒙古包很大。但是，B蒙古包不比A、C蒙古包大。	B蒙古包不大。但是，B蒙古包比A、C蒙古包大。
10	Q4	语境：图片中的女生在比较三个蒙古包的面积大小。她觉得100平方米算是大的蒙古包。	pos-f-comp-t-da	possibly	img/da_comp.png	B蒙古包大吗？	B蒙古包大。	B蒙古包很大。	B蒙古包比较大。	B蒙古包很大。但是，B蒙古包不比A、C蒙古包大。	B蒙古包不大。但是，B蒙古包比A、C蒙古包大。
16	Q5	语境：图片中的女生觉得20平方米算是大的蒙古包。她在比较三个蒙古包的面积大小。	pos-t-comp-t-da	necessarily	img/da_comp.png	B蒙古包大吗？	B蒙古包大。	B蒙古包很大。	B蒙古包比较大。	B蒙古包很大。但是，B蒙古包不比A、C蒙古包大。	B蒙古包不大。但是，B蒙古包比A、C蒙古包大。
4	Q7	语境：图片中的女生觉得20平方米算是大的蒙古包。她想租蒙古包。	pos-t-comp-f-da	possibly	img/da_pos.png	B蒙古包大吗？	B蒙古包大。	B蒙古包很大。	B蒙古包比较大。	B蒙古包很大。但是，B蒙古包不比A、C蒙古包大。	B蒙古包不大。但是，B蒙古包比A、C蒙古包大。
0	Q8	语境：图片中的女生觉得155cm算是高的男孩。她在比较三个男孩的身高。	pos-t-comp-t-gao	necessarily	img/gao_comp.png	小明高吗？	小明高。	小明很高。	小明比较高。	小明很高。但是，小明不比小李、小凯高。	小明不高。但是，小明比小李、小凯高。
6	Q9	语境：图片中的女生在比较三个男生的身高。她觉得190cm算是高的男生。	pos-f-comp-t-gao	possibly	img/gao_comp.png	小明高吗？	小明高。	小明很高。	小明比较高。	小明很高。但是，小明不比小李、小凯高。	小明不高。但是，小明比小李、小凯高。
17	Q10	语境：图片中的女生觉得155cm算是高的男孩。她在比较三个男孩的身高。	pos-t-comp-t-gao	necessarily	img/gao_comp.png	小明高吗？	小明高。	小明很高。	小明比较高。	小明很高。但是，小明不比小李、小凯高。	小明不高。但是，小明比小李、小凯高。
13	Q12	语境：图片中的女生觉得170cm算是高的男生。她在和男生聊天。	pos-t-comp-f-gao	possibly	img/gao_pos.png	小明高吗？	小明高。	小明很高。	小明比较高。	小明很高。但是，小明不比小李、小凯高。	小明不高。但是，小明比小李、小凯高。
1	Q13	语境：图片中的女生在比较三辆车的价格。她觉得30万算是贵的车。	pos-f-comp-t-gui	possibly	img/gui_comp.png	红车贵吗？	红车贵。	红车很贵。	红车比较贵。	红车很贵。但是，红车不比粉车、灰车贵。	红车不贵。但是，红车比粉车、灰车贵。
11	Q14	语境：图片中的女生觉得15万算是贵的车。她在比较三辆车的价格。	pos-t-comp-t-gui	necessarily	img/gui_comp.png	红车贵吗？	红车贵。	红车很贵。	红车比较贵。	红车很贵。但是，红车不比粉车、灰车贵。	红车不贵。但是，红车比粉车、灰车贵。
18	Q15	语境：图片中的女生在比较三辆车的价格。她觉得50万算是贵的车。	pos-f-comp-t-gui	possibly	img/gui_comp.png	红车贵吗？	红车贵。	红车很贵。	红车比较贵。	红车很贵。但是，红车不比粉车、灰车贵。	红车不贵。但是，红车比粉车、灰车贵。
19	Q16	语境：图片中的女生觉得2万算是贵的车。她在比较三辆车的价格。	pos-t-comp-t-gui	necessarily	img/gui_comp.png	红车贵吗？	红车贵。	红车很贵。	红车比较贵。	红车很贵。但是，红车不比粉车、灰车贵。	红车不贵。但是，红车比粉车、灰车贵。
24	Q17	语境：图片中的女生觉得15万算是贵的车。她在比较三辆车的价格。	pos-t-comp-t-gui	necessarily	img/gui_comp.png	红车贵吗？	红车贵。	红车很贵。	红车比较贵。	红车很贵。但是，红车不比粉车、灰车贵。	红车不贵。但是，红车比粉车、灰车贵。
25	Q18	语境：图片中的女生在比较三辆车的价格。她觉得40万算是贵的车。	pos-f-comp-t-gui	possibly	img/gui_comp.png	红车贵吗？	红车贵。	红车很贵。	红车比较贵。	红车很贵。但是，红车不比粉车、灰车贵。	红车不贵。但是，红车比粉车、灰车贵。
9	Q19	语境：图片中的女生觉得7万算是贵的车。她想买车。	pos-t-comp-f-gui	possibly	img/gui_pos.png	红车贵吗？	红车贵。	红车很贵。	红车比较贵。	红车很贵。但是，红车不比粉车、灰车贵。	红车不贵。但是，红车比粉车、灰车贵。
5	Q22	语境：图片中的女生觉得时速70算是快的车速。她在比较三辆车的车速。	pos-t-comp-t-kuai	necessarily	img/kuai_comp.png	我们的这辆车快吗？	我们的这辆车快。	我们的这辆车很快。	我们的这辆车比较快。	我们的这辆车很快。但是，我们的车不比那辆车、更远的那辆车快。	我们的这辆车不快。但是，我们的车比那辆车、更远的那辆车快。
14	Q23	语境：图片中的女生在比较三辆车的时速。她觉得时速160算是快的车速。	pos-f-comp-t-kuai	possibly	img/kuai_comp.png	我们的这辆车快吗？	我们的这辆车快。	我们的这辆车很快。	我们的这辆车比较快。	我们的这辆车很快。但是，我们的车不比那辆车、更远的那辆车快。	我们的这辆车不快。但是，我们的车比那辆车、更远的那辆车快。
22	Q24	语境：图片中的女生觉得时速70算是快的车速。她在比较三辆车的车速。	pos-t-comp-t-kuai	necessarily	img/kuai_comp.png	我们的这辆车快吗？	我们的这辆车快。	我们的这辆车很快。	我们的这辆车比较快。	我们的这辆车很快。但是，我们的车不比那辆车、更远的那辆车快。	我们的这辆车不快。但是，我们的车比那辆车、更远的那辆车快。
15	Q26	语境：图片中的女生觉得时速90km算是快的车。她坐在副驾驶。	pos-t-comp-f-kuai	possibly	img/kuai_pos.png	我们的这辆车快吗？	我们的这辆车快。	我们的这辆车很快。	我们的这辆车比较快。	我们的这辆车很快。但是，我们的车不比那辆车、更远的那辆车快。	我们的这辆车不快。但是，我们的车比那辆车、更远的那辆车快。
23	Q28	语境：图片中的女生觉得时速80km算是快的车。她坐在副驾驶。	pos-t-comp-f-kuai	possibly	img/kuai_pos.png	我们的这辆车快吗？	我们的这辆车快。	我们的这辆车很快。	我们的这辆车比较快。	我们的这辆车很快。但是，我们的车不比那辆车、更远的那辆车快。	我们的这辆车不快。但是，我们的车比那辆车、更远的那辆车快。